"","Kingdom","Phylum","Class","Order","Family","Genus","Species"
"ASV_0001","Bacteria","Proteobacteria","Gammaproteobacteria","Enterobacterales","Orbaceae","Gilliamella",NA
"ASV_0002","Bacteria","Proteobacteria","Gammaproteobacteria","Enterobacterales",NA,NA,NA
"ASV_0003","Bacteria","Actinobacteriota","Actinobacteria","Bifidobacteriales","Bifidobacteriaceae","Bifidobacterium","asteroides"
"ASV_0004","Bacteria","Proteobacteria","Alphaproteobacteria","Rhizobiales","Rhizobiaceae","Bartonella","apis"
"ASV_0005","Bacteria","Proteobacteria","Alphaproteobacteria","Rhizobiales","Rhizobiaceae","Bartonella",NA
"ASV_0006","Bacteria","Proteobacteria","Gammaproteobacteria","Burkholderiales","Neisseriaceae","Snodgrassella","alvi"
"ASV_0007","Bacteria","Proteobacteria","Gammaproteobacteria","Enterobacterales","Enterobacteriaceae","Klebsiella",NA
"ASV_0008","Bacteria","Proteobacteria","Gammaproteobacteria","Enterobacterales","Morganellaceae","Morganella","morganii"
"ASV_0009","Bacteria","Firmicutes","Bacilli","Lactobacillales","Lactobacillaceae","Lactobacillus",NA
"ASV_0010","Bacteria","Firmicutes","Bacilli","Lactobacillales","Lactobacillaceae","Lactobacillus","apis"
"ASV_0011","Bacteria","Firmicutes","Bacilli","Lactobacillales","Lactobacillaceae","Lactobacillus",NA
"ASV_0012","Bacteria","Firmicutes","Bacilli","Lactobacillales","Lactobacillaceae","Lactobacillus","melliventris"
"ASV_0013","Bacteria","Proteobacteria","Gammaproteobacteria","Enterobacterales","Yersiniaceae","Serratia",NA
"ASV_0014","Bacteria","Proteobacteria","Gammaproteobacteria","Enterobacterales",NA,NA,NA
"ASV_0015","Bacteria","Proteobacteria","Gammaproteobacteria","Burkholderiales","Neisseriaceae","Snodgrassella","alvi"
"ASV_0016","Bacteria","Firmicutes","Bacilli","Lactobacillales","Lactobacillaceae","Lactobacillus",NA
"ASV_0017","Bacteria","Proteobacteria","Gammaproteobacteria","Enterobacterales","Hafniaceae","Hafnia-Obesumbacterium",NA
"ASV_0018","Bacteria","Firmicutes","Bacilli","Lactobacillales","Lactobacillaceae","Lactobacillus",NA
"ASV_0019","Bacteria","Proteobacteria","Alphaproteobacteria","Acetobacterales","Acetobacteraceae","Commensalibacter",NA
"ASV_0020","Bacteria","Proteobacteria","Gammaproteobacteria","Enterobacterales","Enterobacteriaceae","Citrobacter",NA
"ASV_0021","Bacteria","Proteobacteria","Gammaproteobacteria","Enterobacterales","Enterobacteriaceae","Klebsiella",NA
"ASV_0022","Bacteria","Proteobacteria","Alphaproteobacteria","Rickettsiales","Rickettsiaceae","Rickettsia",NA
"ASV_0023","Bacteria","Proteobacteria","Gammaproteobacteria","Enterobacterales","Orbaceae","Frischella","perrara"
"ASV_0024","Bacteria","Proteobacteria","Gammaproteobacteria","Enterobacterales","Enterobacteriaceae","Cedecea",NA
"ASV_0025","Bacteria","Actinobacteriota","Actinobacteria","Bifidobacteriales","Bifidobacteriaceae","Bifidobacterium",NA
"ASV_0026","Bacteria","Proteobacteria","Alphaproteobacteria","Acetobacterales","Acetobacteraceae","Commensalibacter",NA
"ASV_0027","Bacteria","Proteobacteria","Gammaproteobacteria","Enterobacterales","Yersiniaceae","Yersinia",NA
"ASV_0028","Bacteria","Proteobacteria","Gammaproteobacteria","Burkholderiales","Neisseriaceae","Snodgrassella","alvi"
"ASV_0029","Bacteria","Proteobacteria","Gammaproteobacteria","Pseudomonadales","Pseudomonadaceae","Pseudomonas",NA
"ASV_0030","Bacteria","Proteobacteria","Alphaproteobacteria","Rickettsiales","Rickettsiaceae","Rickettsia",NA
"ASV_0031","Bacteria","Proteobacteria","Alphaproteobacteria","Acetobacterales","Acetobacteraceae","Commensalibacter",NA
"ASV_0032","Bacteria","Firmicutes","Bacilli","Lactobacillales","Lactobacillaceae","Apilactobacillus",NA
"ASV_0033","Bacteria","Bacteroidota","Bacteroidia","Flavobacteriales","Weeksellaceae","Apibacter",NA
"ASV_0034","Bacteria","Proteobacteria","Gammaproteobacteria","Enterobacterales","Morganellaceae","Providencia","stuartii"
"ASV_0035","Bacteria","Actinobacteriota","Actinobacteria","Bifidobacteriales","Bifidobacteriaceae","Bifidobacterium","asteroides"
"ASV_0036","Bacteria","Proteobacteria","Alphaproteobacteria","Acetobacterales","Acetobacteraceae","Commensalibacter",NA
"ASV_0037","Bacteria","Proteobacteria","Gammaproteobacteria","Enterobacterales","Orbaceae","Frischella",NA
"ASV_0038","Bacteria","Proteobacteria","Gammaproteobacteria","Enterobacterales","Orbaceae","Frischella",NA
"ASV_0039","Bacteria","Proteobacteria","Alphaproteobacteria","Rickettsiales","Fokiniaceae","Candidatus Lariskella",NA
"ASV_0040","Bacteria","Proteobacteria","Gammaproteobacteria","Enterobacterales","Orbaceae","Frischella",NA
"ASV_0041","Bacteria","Proteobacteria","Gammaproteobacteria","Enterobacterales","Enterobacteriaceae","Cedecea",NA
"ASV_0042","Bacteria","Verrucomicrobiota","Verrucomicrobiae","Verrucomicrobiales","Akkermansiaceae","Akkermansia","muciniphila"
"ASV_0043","Bacteria","Firmicutes","Bacilli","Lactobacillales","Lactobacillaceae","Lactobacillus",NA
"ASV_0044","Bacteria","Proteobacteria","Gammaproteobacteria","Enterobacterales","Enterobacteriaceae",NA,NA
"ASV_0045","Bacteria","Firmicutes","Clostridia","Peptostreptococcales-Tissierellales","Peptostreptococcaceae","Paraclostridium",NA
"ASV_0046","Bacteria","Proteobacteria","Alphaproteobacteria","Acetobacterales","Acetobacteraceae","Commensalibacter",NA
"ASV_0047","Bacteria","Firmicutes","Bacilli","Lactobacillales","Lactobacillaceae","Lactobacillus",NA
"ASV_0048","Bacteria","Bacteroidota","Bacteroidia","Bacteroidales","Bacteroidaceae","Bacteroides","vulgatus"
"ASV_0049","Bacteria","Proteobacteria","Gammaproteobacteria","Enterobacterales","Enterobacteriaceae","Raoultella",NA
"ASV_0050","Bacteria","Firmicutes","Bacilli","Lactobacillales","Lactobacillaceae","Bombilactobacillus",NA
"ASV_0051","Bacteria","Proteobacteria","Alphaproteobacteria","Acetobacterales","Acetobacteraceae","Neokomagataea",NA
"ASV_0052","Bacteria","Proteobacteria","Gammaproteobacteria","Pseudomonadales","Halomonadaceae","Zymobacter","palmae"
"ASV_0053","Bacteria","Firmicutes","Bacilli","Lactobacillales","Lactobacillaceae","Lactobacillus",NA
"ASV_0054","Bacteria","Firmicutes","Bacilli","Lactobacillales","Lactobacillaceae","Lactobacillus",NA
"ASV_0055","Bacteria","Proteobacteria","Gammaproteobacteria","Enterobacterales","Enterobacteriaceae","Raoultella",NA
"ASV_0056","Bacteria","Proteobacteria","Gammaproteobacteria","Enterobacterales","Erwiniaceae","Erwinia",NA
"ASV_0057","Bacteria","Proteobacteria","Gammaproteobacteria","Pseudomonadales","Pseudomonadaceae","Pseudomonas",NA
"ASV_0058","Bacteria","Proteobacteria","Gammaproteobacteria","Pseudomonadales","Halomonadaceae","Halomonas",NA
"ASV_0059","Bacteria","Proteobacteria","Alphaproteobacteria","Rickettsiales","Anaplasmataceae","Wolbachia",NA
"ASV_0060","Bacteria","Proteobacteria","Gammaproteobacteria","Enterobacterales","Orbaceae","Gilliamella",NA
"ASV_0061","Bacteria","Cyanobacteria","Cyanobacteriia","Chloroplast",NA,NA,NA
"ASV_0062","Bacteria","Proteobacteria","Gammaproteobacteria","Enterobacterales","Enterobacteriaceae","Kosakonia",NA
"ASV_0063","Bacteria","Firmicutes","Bacilli","Lactobacillales","Lactobacillaceae","Lactobacillus",NA
"ASV_0064","Bacteria","Firmicutes","Bacilli","Lactobacillales","Lactobacillaceae","Lactobacillus",NA
"ASV_0065","Bacteria","Firmicutes","Bacilli","Lactobacillales","Lactobacillaceae","Lactobacillus",NA
"ASV_0066","Bacteria","Proteobacteria","Gammaproteobacteria","Pseudomonadales","Moraxellaceae","Acinetobacter",NA
"ASV_0067","Bacteria","Proteobacteria","Gammaproteobacteria","Enterobacterales","Morganellaceae","Morganella",NA
"ASV_0068","Bacteria","Bacteroidota","Bacteroidia","Bacteroidales","Muribaculaceae",NA,NA
"ASV_0069","Bacteria","Cyanobacteria","Cyanobacteriia","Chloroplast",NA,NA,NA
"ASV_0070","Bacteria","Firmicutes","Bacilli","Lactobacillales","Lactobacillaceae","Lactobacillus",NA
"ASV_0071","Bacteria","Cyanobacteria","Cyanobacteriia","Chloroplast",NA,NA,NA
"ASV_0072","Bacteria","Bacteroidota","Bacteroidia","Bacteroidales","Muribaculaceae",NA,NA
"ASV_0073","Bacteria","Proteobacteria","Gammaproteobacteria","Pseudomonadales","Moraxellaceae","Acinetobacter","lwoffii"
"ASV_0074","Bacteria","Bacteroidota","Bacteroidia","Bacteroidales","Prevotellaceae","Prevotellaceae UCG-001",NA
"ASV_0075","Bacteria","Firmicutes","Bacilli","Lactobacillales","Lactobacillaceae","Lactobacillus",NA
"ASV_0076","Bacteria","Firmicutes","Clostridia","Lachnospirales","Lachnospiraceae","Lachnospiraceae AC2044 group","bacterium"
"ASV_0077","Bacteria","Firmicutes","Bacilli","Erysipelotrichales","Erysipelotrichaceae","Turicibacter",NA
"ASV_0078","Bacteria","Firmicutes","Clostridia","Oscillospirales","Ruminococcaceae","Faecalibacterium",NA
"ASV_0079","Bacteria","Firmicutes","Bacilli","Lactobacillales","Lactobacillaceae","Lactobacillus",NA
"ASV_0080","Bacteria","Firmicutes","Bacilli","Lactobacillales","Carnobacteriaceae","Carnobacterium",NA
"ASV_0081","Bacteria","Proteobacteria","Gammaproteobacteria","Enterobacterales","Orbaceae","Gilliamella",NA
"ASV_0082","Bacteria","Proteobacteria","Alphaproteobacteria","Acetobacterales","Acetobacteraceae","Commensalibacter",NA
"ASV_0083","Bacteria","Cyanobacteria","Cyanobacteriia","Chloroplast",NA,NA,NA
"ASV_0084","Bacteria","Firmicutes","Bacilli","Lactobacillales","Lactobacillaceae","Apilactobacillus",NA
"ASV_0085","Bacteria","Proteobacteria","Gammaproteobacteria","Enterobacterales","Aeromonadaceae","Aeromonas",NA
"ASV_0086","Bacteria","Firmicutes","Clostridia","Oscillospirales","Ruminococcaceae","CAG-352",NA
"ASV_0087","Bacteria","Firmicutes","Bacilli","Lactobacillales","Lactobacillaceae","Lactobacillus",NA
"ASV_0088","Bacteria","Desulfobacterota","Desulfovibrionia","Desulfovibrionales","Desulfonatronaceae","Desulfonatronum","lacustre"
"ASV_0089","Bacteria","Proteobacteria","Gammaproteobacteria","Burkholderiales","Neisseriaceae","Snodgrassella",NA
"ASV_0090","Bacteria","Firmicutes","Bacilli","Lactobacillales","Lactobacillaceae","Ligilactobacillus",NA
"ASV_0091","Bacteria","Proteobacteria","Gammaproteobacteria","Enterobacterales","Orbaceae","Gilliamella","apicola"
"ASV_0092","Bacteria","Proteobacteria","Alphaproteobacteria","Rickettsiales","Mitochondria",NA,NA
"ASV_0093","Bacteria","Bacteroidota","Bacteroidia","Bacteroidales","Bacteroidaceae","Bacteroides","uniformis"
"ASV_0094","Bacteria","Proteobacteria","Alphaproteobacteria","Acetobacterales","Acetobacteraceae","Bombella","intestini"
"ASV_0095","Bacteria","Firmicutes","Bacilli","Lactobacillales","Lactobacillaceae","Lactobacillus",NA
"ASV_0096","Bacteria","Proteobacteria","Gammaproteobacteria","Enterobacterales","Morganellaceae","Arsenophonus","lipoptenae"
"ASV_0097","Bacteria","Firmicutes","Bacilli","Lactobacillales","Lactobacillaceae","Lactobacillus",NA
"ASV_0098","Bacteria","Firmicutes","Bacilli","Erysipelotrichales","Erysipelotrichaceae","Allobaculum",NA
"ASV_0099","Bacteria","Proteobacteria","Gammaproteobacteria","Francisellales","Francisellaceae","Francisella",NA
"ASV_0100","Bacteria","Firmicutes","Bacilli","Lactobacillales","Lactobacillaceae","Ligilactobacillus",NA
"ASV_0101","Bacteria","Bacteroidota","Bacteroidia","Bacteroidales","Muribaculaceae",NA,NA
"ASV_0102","Bacteria","Campylobacterota","Campylobacteria","Campylobacterales","Helicobacteraceae","Helicobacter","typhlonius"
"ASV_0103","Bacteria","Firmicutes","Bacilli","Lactobacillales","Lactobacillaceae","Fructilactobacillus",NA
"ASV_0104","Bacteria","Proteobacteria","Gammaproteobacteria","Enterobacterales","Enterobacteriaceae","Escherichia-Shigella",NA
"ASV_0105","Bacteria","Firmicutes","Clostridia","Peptostreptococcales-Tissierellales","Anoxynatronum",NA,NA
"ASV_0106","Bacteria","Proteobacteria","Gammaproteobacteria","Enterobacterales","Enterobacteriaceae","Pluralibacter",NA
"ASV_0107","Bacteria","Proteobacteria","Gammaproteobacteria","Enterobacterales","Orbaceae","Frischella",NA
"ASV_0108","Bacteria","Proteobacteria","Gammaproteobacteria","Methylococcales","Methylomonadaceae","Methylobacter",NA
"ASV_0109","Bacteria","Firmicutes","Bacilli","Lactobacillales","Lactobacillaceae","Lactobacillus",NA
"ASV_0110","Bacteria","Proteobacteria","Gammaproteobacteria","Methylococcales","Methylomonadaceae","Methylobacter",NA
"ASV_0111","Bacteria","Firmicutes","Clostridia","Christensenellales","Christensenellaceae","Christensenellaceae R-7 group",NA
"ASV_0112","Bacteria","Bacteroidota","Bacteroidia","Bacteroidales","Muribaculaceae",NA,NA
"ASV_0113","Bacteria","Firmicutes","Bacilli","Lactobacillales","Lactobacillaceae","Lactobacillus",NA
"ASV_0114","Bacteria","Proteobacteria","Gammaproteobacteria","Burkholderiales","Neisseriaceae","Snodgrassella",NA
"ASV_0115","Bacteria","Firmicutes","Bacilli","Lactobacillales","Lactobacillaceae","Lactobacillus",NA
"ASV_0116","Bacteria","Bacteroidota","Bacteroidia","Bacteroidales","Prevotellaceae","Prevotellaceae NK3B31 group",NA
"ASV_0117","Bacteria","Bacteroidota","Bacteroidia","Bacteroidales","Muribaculaceae",NA,NA
"ASV_0118","Bacteria","Actinobacteriota","Actinobacteria","Bifidobacteriales","Bifidobacteriaceae","Bifidobacterium",NA
"ASV_0119","Bacteria","Firmicutes","Bacilli","Lactobacillales","Lactobacillaceae","Lactobacillus",NA
"ASV_0120","Bacteria","Bacteroidota","Bacteroidia","Bacteroidales","Muribaculaceae",NA,NA
"ASV_0121","Bacteria","Proteobacteria","Gammaproteobacteria","Coxiellales","Coxiellaceae","Coxiella",NA
"ASV_0122","Bacteria","Bacteroidota","Bacteroidia","Bacteroidales","Muribaculaceae",NA,NA
"ASV_0123","Bacteria","Firmicutes","Bacilli","Lactobacillales","Lactobacillaceae","HT002",NA
"ASV_0124","Bacteria","Proteobacteria","Alphaproteobacteria","Acetobacterales","Acetobacteraceae","Bombella","apis"
"ASV_0125","Bacteria","Proteobacteria","Alphaproteobacteria","Rickettsiales","Anaplasmataceae","Wolbachia",NA
"ASV_0126","Bacteria","Firmicutes","Bacilli","Lactobacillales","Lactobacillaceae","Lactobacillus",NA
"ASV_0127","Bacteria","Firmicutes","Clostridia","Peptostreptococcales-Tissierellales","Peptostreptococcaceae","Romboutsia","ilealis"
"ASV_0128","Bacteria","Firmicutes","Clostridia","Monoglobales","Monoglobaceae","Monoglobus",NA
"ASV_0129","Bacteria","Proteobacteria","Gammaproteobacteria","Burkholderiales","Comamonadaceae","Sphaerotilus","natans"
"ASV_0130","Bacteria","Firmicutes","Clostridia","Oscillospirales","Ruminococcaceae","Ruminococcus",NA
"ASV_0131","Bacteria","Firmicutes","Clostridia","Lachnospirales","Lachnospiraceae","Lachnospiraceae NK4A136 group",NA
"ASV_0132","Bacteria","Firmicutes","Bacilli","Lactobacillales","Lactobacillaceae","Lactobacillus",NA
"ASV_0133","Bacteria","Firmicutes","Clostridia","Oscillospirales","[Eubacterium] coprostanoligenes group",NA,NA
"ASV_0134","Bacteria","Firmicutes","Clostridia","Oscillospirales","Oscillospiraceae","UCG-005",NA
"ASV_0135","Bacteria","Firmicutes","Clostridia","Oscillospirales","Oscillospiraceae","UCG-005",NA
"ASV_0136","Bacteria","Bacteroidota","Bacteroidia","Bacteroidales","Muribaculaceae",NA,NA
"ASV_0137","Bacteria","Firmicutes","Clostridia","Oscillospirales","Oscillospiraceae",NA,NA
"ASV_0138","Bacteria","Proteobacteria","Alphaproteobacteria","Sphingomonadales","Sphingomonadaceae","Sphingomonas",NA
"ASV_0139","Bacteria","Proteobacteria","Gammaproteobacteria","Enterobacterales",NA,NA,NA
"ASV_0140","Bacteria","Firmicutes","Bacilli","Lactobacillales","Lactobacillaceae","Lactobacillus",NA
"ASV_0141","Bacteria","Cyanobacteria","Cyanobacteriia","Chloroplast",NA,NA,NA
"ASV_0142","Bacteria","Proteobacteria","Gammaproteobacteria","Enterobacterales","Morganellaceae","Providencia",NA
"ASV_0143","Bacteria","Firmicutes","Clostridia","Oscillospirales","Ruminococcaceae","Ruminococcus",NA
"ASV_0144","Bacteria","Proteobacteria","Alphaproteobacteria","Rickettsiales","Mitochondria",NA,NA
"ASV_0145","Bacteria","Firmicutes","Bacilli","RF39",NA,NA,NA
"ASV_0146","Bacteria","Actinobacteriota","Actinobacteria","Bifidobacteriales","Bifidobacteriaceae","Bifidobacterium",NA
"ASV_0147","Bacteria","Firmicutes","Clostridia","Lachnospirales","Lachnospiraceae","Agathobacter",NA
"ASV_0148","Bacteria","Proteobacteria","Alphaproteobacteria","Rickettsiales","Mitochondria",NA,NA
"ASV_0149","Bacteria","Bacteroidota","Bacteroidia","Bacteroidales","Prevotellaceae","Prevotella_9","copri"
"ASV_0150","Bacteria","Firmicutes","Clostridia","Oscillospirales","[Eubacterium] coprostanoligenes group",NA,NA
"ASV_0151","Bacteria","Firmicutes","Clostridia","Oscillospirales","Ruminococcaceae","Ruminococcus",NA
"ASV_0152","Bacteria","Firmicutes","Clostridia","Lachnospirales","Lachnospiraceae","Blautia","caecimuris"
"ASV_0153","Bacteria","Firmicutes","Clostridia","Lachnospirales","Lachnospiraceae","Tyzzerella",NA
"ASV_0154","Bacteria","Firmicutes","Clostridia","Clostridia UCG-014",NA,NA,NA
"ASV_0155","Bacteria","Proteobacteria","Gammaproteobacteria","Burkholderiales","Sutterellaceae","Parasutterella","excrementihominis"
"ASV_0156","Bacteria","Firmicutes","Bacilli","Lactobacillales","Lactobacillaceae","Lactobacillus",NA
"ASV_0157","Bacteria","Firmicutes","Clostridia","Oscillospirales","Ruminococcaceae","Ruminococcus","bromii"
"ASV_0158","Bacteria","Firmicutes","Clostridia","Oscillospirales","Oscillospiraceae",NA,NA
"ASV_0159","Bacteria","Desulfobacterota","Desulfovibrionia","Desulfovibrionales","Desulfovibrionaceae","Desulfovibrio","piger"
"ASV_0160","Bacteria","Firmicutes","Clostridia","Lachnospirales","Lachnospiraceae","Lachnospiraceae NK4A136 group",NA
"ASV_0161","Bacteria","Bacteroidota","Bacteroidia","Bacteroidales","Muribaculaceae",NA,NA
"ASV_0162","Bacteria","Firmicutes","Clostridia","Clostridiales","Clostridiaceae","Clostridium sensu stricto 1",NA
"ASV_0163","Bacteria","Firmicutes","Clostridia","Oscillospirales","Ruminococcaceae","[Eubacterium] siraeum group",NA
"ASV_0164","Bacteria","Bacteroidota","Bacteroidia","Bacteroidales","Muribaculaceae",NA,NA
"ASV_0165","Bacteria","Firmicutes","Clostridia","Clostridia UCG-014",NA,NA,NA
"ASV_0166","Bacteria","Firmicutes","Clostridia","Oscillospirales","Ruminococcaceae","Ruminococcus",NA
"ASV_0167","Bacteria","Firmicutes","Clostridia","Oscillospirales","Oscillospiraceae","Intestinimonas",NA
"ASV_0168","Bacteria","Firmicutes","Bacilli","Lactobacillales","Lactobacillaceae","Lactobacillus",NA
"ASV_0169","Bacteria","Proteobacteria","Gammaproteobacteria","Pseudomonadales",NA,NA,NA
"ASV_0170","Bacteria","Firmicutes","Clostridia","Lachnospirales","Lachnospiraceae","Roseburia","intestinalis"
"ASV_0171","Bacteria","Firmicutes","Clostridia","Oscillospirales","Oscillospiraceae",NA,NA
"ASV_0172","Bacteria","Firmicutes","Bacilli","Lactobacillales","Lactobacillaceae","Lactobacillus",NA
"ASV_0173","Bacteria","Bacteroidota","Bacteroidia","Bacteroidales","Rikenellaceae","Alistipes",NA
"ASV_0174","Bacteria","Proteobacteria","Alphaproteobacteria","Acetobacterales","Acetobacteraceae","Commensalibacter",NA
"ASV_0175","Bacteria","Bacteroidota","Bacteroidia","Bacteroidales","Muribaculaceae",NA,NA
"ASV_0176","Bacteria","Firmicutes","Clostridia","Oscillospirales","Ruminococcaceae","[Eubacterium] siraeum group",NA
"ASV_0177","Bacteria","Firmicutes","Clostridia","Peptostreptococcales-Tissierellales","Peptostreptococcaceae","Romboutsia",NA
"ASV_0178","Bacteria","Bacteroidota","Bacteroidia","Bacteroidales","Muribaculaceae",NA,NA
"ASV_0179","Bacteria","Firmicutes","Bacilli","Entomoplasmatales","Spiroplasmataceae","Spiroplasma",NA
"ASV_0180","Bacteria","Proteobacteria","Gammaproteobacteria","Enterobacterales","Orbaceae","Gilliamella","apicola"
"ASV_0181","Bacteria","Firmicutes","Clostridia","Oscillospirales","[Eubacterium] coprostanoligenes group",NA,NA
"ASV_0182","Bacteria","Thermotogota","Thermotogae","Petrotogales","Petrotogaceae","Defluviitoga","tunisiensis"
"ASV_0183","Bacteria","Bacteroidota","Bacteroidia","Bacteroidales","Muribaculaceae",NA,NA
"ASV_0184","Bacteria","Firmicutes","Clostridia","Peptostreptococcales-Tissierellales","Family XI","Soehngenia",NA
"ASV_0185","Bacteria","Proteobacteria","Alphaproteobacteria","Sphingomonadales","Sphingomonadaceae","Sphingomonas",NA
"ASV_0186","Bacteria","Bacteroidota","Bacteroidia","Bacteroidales","Muribaculaceae",NA,NA
"ASV_0187","Bacteria","Firmicutes","Bacilli","Lactobacillales","Lactobacillaceae","Lactobacillus",NA
"ASV_0188","Bacteria","Firmicutes","Bacilli","Erysipelotrichales","Erysipelotrichaceae","Holdemanella",NA
"ASV_0189","Bacteria","Proteobacteria","Alphaproteobacteria","Rhizobiales","Beijerinckiaceae","Methylobacterium-Methylorubrum",NA
"ASV_0190","Bacteria","Firmicutes","Clostridia","Lachnospirales","Lachnospiraceae","Lachnospiraceae NK4A136 group",NA
"ASV_0191","Bacteria","Proteobacteria","Alphaproteobacteria","Rickettsiales","Mitochondria",NA,NA
"ASV_0192","Bacteria","Firmicutes","Bacilli","Lactobacillales","Lactobacillaceae","Limosilactobacillus",NA
"ASV_0193","Bacteria","Bacteroidota","Bacteroidia","Bacteroidales","Muribaculaceae",NA,NA
"ASV_0194","Bacteria","Bacteroidota","Bacteroidia","Bacteroidales","Rikenellaceae","Alistipes",NA
"ASV_0195","Bacteria","Firmicutes","Clostridia","Clostridiales","Clostridiaceae","Clostridium sensu stricto 13",NA
"ASV_0196","Bacteria","Bacteroidota","Bacteroidia","Bacteroidales","Muribaculaceae",NA,NA
"ASV_0197","Bacteria","Firmicutes","Clostridia","Lachnospirales","Lachnospiraceae",NA,NA
"ASV_0198","Bacteria","Firmicutes","Clostridia","Peptostreptococcales-Tissierellales","Family XI","Tissierella",NA
"ASV_0199","Bacteria","Bacteroidota","Bacteroidia","Bacteroidales","Muribaculaceae",NA,NA
"ASV_0200","Bacteria","Proteobacteria","Gammaproteobacteria","Burkholderiales","Comamonadaceae","Polaromonas",NA
"ASV_0201","Bacteria","Proteobacteria","Gammaproteobacteria","Burkholderiales","Comamonadaceae","Simplicispira","psychrophila"
"ASV_0202","Bacteria","Firmicutes","Clostridia","Clostridia UCG-014",NA,NA,NA
"ASV_0203","Bacteria","Desulfobacterota","Desulfovibrionia","Desulfovibrionales","Desulfovibrionaceae","Desulfovibrio",NA
"ASV_0204","Bacteria","Bacteroidota","Bacteroidia","Bacteroidales","Muribaculaceae",NA,NA
"ASV_0205","Bacteria","Firmicutes","Clostridia","Oscillospirales","Ruminococcaceae","Caproiciproducens",NA
"ASV_0206","Bacteria","Firmicutes","Clostridia","Oscillospirales","Ethanoligenenaceae","Incertae Sedis",NA
"ASV_0207","Bacteria","Firmicutes","Clostridia","Lachnospirales","Lachnospiraceae","Lachnospiraceae NK4A136 group",NA
"ASV_0208","Bacteria","Firmicutes","Clostridia","Lachnospirales","Lachnospiraceae","Lachnospiraceae NK4A136 group",NA
"ASV_0209","Bacteria","Firmicutes","Bacilli","Lactobacillales","Lactobacillaceae","Lactobacillus",NA
"ASV_0210","Bacteria","Proteobacteria","Gammaproteobacteria","Pseudomonadales","Pseudomonadaceae","Pseudomonas",NA
"ASV_0211","Bacteria","Proteobacteria","Alphaproteobacteria","Rhizobiales","Beijerinckiaceae","Methylobacterium-Methylorubrum",NA
"ASV_0212","Bacteria","Proteobacteria","Alphaproteobacteria","Acetobacterales","Acetobacteraceae","Asaia","astilbis"
"ASV_0213","Bacteria","Bacteroidota","Bacteroidia","Bacteroidales","Muribaculaceae",NA,NA
"ASV_0214","Bacteria","Bacteroidota","Bacteroidia","Bacteroidales","Tannerellaceae","Parabacteroides",NA
"ASV_0215","Bacteria","Bacteroidota","Bacteroidia","Bacteroidales","Muribaculaceae",NA,NA
"ASV_0216","Bacteria","Proteobacteria","Alphaproteobacteria","Rhizobiales","Rhizobiaceae","Candidatus Tokpelaia",NA
"ASV_0217","Bacteria","Firmicutes","Clostridia","Clostridia UCG-014",NA,NA,NA
"ASV_0218","Bacteria","Firmicutes","Bacilli","Lactobacillales","Lactobacillaceae","Bombilactobacillus",NA
"ASV_0219","Bacteria","Firmicutes","Clostridia","Proteinivoracales",NA,NA,NA
"ASV_0220","Bacteria","Bacteroidota","Bacteroidia","Bacteroidales","Rikenellaceae","Alistipes","putredinis"
"ASV_0221","Bacteria","Firmicutes","Clostridia","Oscillospirales","Ruminococcaceae","Ruminococcus",NA
"ASV_0222","Bacteria","Proteobacteria","Alphaproteobacteria","Caulobacterales","Caulobacteraceae","Brevundimonas","terrae"
"ASV_0223","Bacteria","Bacteroidota","Bacteroidia","Bacteroidales","Tannerellaceae","Parabacteroides","merdae"
"ASV_0224","Bacteria","Bacteroidota","Bacteroidia","Bacteroidales","Muribaculaceae",NA,NA
"ASV_0225","Bacteria","Bacteroidota","Bacteroidia","Bacteroidales","Bacteroidaceae","Bacteroides","uniformis"
"ASV_0226","Bacteria","Cyanobacteria","Cyanobacteriia","Chloroplast",NA,NA,NA
"ASV_0227","Bacteria","Firmicutes","Clostridia","Lachnospirales","Lachnospiraceae",NA,NA
"ASV_0228","Bacteria","Desulfobacterota","Desulfovibrionia","Desulfovibrionales","Desulfonatronovibrionaceae","Desulfonatronovibrio","hydrogenovorans"
"ASV_0229","Bacteria","Firmicutes","Clostridia","Oscillospirales","Ruminococcaceae","Ruminococcus",NA
"ASV_0230","Bacteria","Bacteroidota","Bacteroidia","Bacteroidales","Bacteroidaceae","Bacteroides",NA
"ASV_0231","Bacteria","Proteobacteria","Gammaproteobacteria","Enterobacterales","Pectobacteriaceae","Nissabacter",NA
"ASV_0232","Bacteria","Firmicutes","Bacilli","Lactobacillales","Lactobacillaceae","HT002",NA
"ASV_0233","Bacteria","Actinobacteriota","Actinobacteria","Bifidobacteriales","Bifidobacteriaceae","Bifidobacterium",NA
"ASV_0234","Bacteria","Firmicutes","Clostridia","Lachnospirales","Lachnospiraceae","Lachnospiraceae NK4A136 group",NA
"ASV_0235","Bacteria","Firmicutes","Clostridia","Lachnospirales","Lachnospiraceae",NA,NA
"ASV_0236","Bacteria","Cyanobacteria","Vampirivibrionia","Gastranaerophilales",NA,NA,NA
"ASV_0237","Bacteria","Firmicutes","Clostridia","Oscillospirales","Ruminococcaceae","Faecalibacterium","prausnitzii"
"ASV_0238","Bacteria","Cyanobacteria","Cyanobacteriia","Chloroplast",NA,NA,NA
"ASV_0239","Bacteria","Proteobacteria","Gammaproteobacteria","Pseudomonadales","Pseudomonadaceae","Pseudomonas",NA
"ASV_0240","Bacteria","Firmicutes","Clostridia","Lachnospirales","Lachnospiraceae",NA,NA
"ASV_0241","Bacteria","Proteobacteria","Gammaproteobacteria","Burkholderiales","Rhodocyclaceae","Thauera",NA
"ASV_0242","Bacteria","Bacteroidota","Bacteroidia","Flavobacteriales","Flavobacteriaceae","Flavobacterium","cheonhonense"
"ASV_0243","Bacteria","Firmicutes","Clostridia","Lachnospirales","Lachnospiraceae","Anaerostipes",NA
"ASV_0244","Bacteria","Firmicutes","Clostridia","Lachnospirales","Lachnospiraceae","Lachnospiraceae NK4A136 group",NA
"ASV_0245","Bacteria","Firmicutes","Bacilli","RF39",NA,NA,NA
"ASV_0246","Bacteria","Proteobacteria","Gammaproteobacteria","Diplorickettsiales","Diplorickettsiaceae","Rickettsiella","viridis"
"ASV_0247","Bacteria","Firmicutes","Clostridia","Lachnospirales","Lachnospiraceae","Lachnospiraceae UCG-006","bacterium"
"ASV_0248","Bacteria","Firmicutes","Bacilli","Lactobacillales","Lactobacillaceae","Lactobacillus",NA
"ASV_0249","Bacteria","Proteobacteria","Alphaproteobacteria","Rhizobiales","Rhizobiaceae",NA,NA
"ASV_0250","Bacteria","Firmicutes","Clostridia","Monoglobales","Monoglobaceae","Monoglobus",NA
"ASV_0251","Bacteria","Firmicutes","Clostridia","Lachnospirales","Lachnospiraceae","Lachnospiraceae NK4A136 group",NA
"ASV_0252","Bacteria","Firmicutes","Clostridia","Lachnospirales","Lachnospiraceae",NA,NA
"ASV_0253","Bacteria","Proteobacteria","Gammaproteobacteria","Pseudomonadales","Nitrincolaceae","Nitrincola",NA
"ASV_0254","Bacteria","Proteobacteria","Alphaproteobacteria","Rickettsiales","Mitochondria",NA,NA
"ASV_0255","Bacteria","Proteobacteria","Alphaproteobacteria","Rhizobiales","Beijerinckiaceae","Methylosinus","trichosporium"
"ASV_0256","Bacteria","Firmicutes","Bacilli","Izemoplasmatales","Izemoplasmataceae","Izimaplasma",NA
"ASV_0257","Bacteria","Firmicutes","Clostridia","Oscillospirales","[Eubacterium] coprostanoligenes group",NA,NA
"ASV_0258","Bacteria","Firmicutes","Clostridia","Oscillospirales","Ruminococcaceae","Ruminococcus",NA
"ASV_0259","Bacteria","Desulfobacterota","Desulfovibrionia","Desulfovibrionales","Desulfovibrionaceae","Desulfocurvus","vexinensis"
"ASV_0260","Bacteria","Firmicutes","Clostridia","Peptostreptococcales-Tissierellales","Family XI","Soehngenia",NA
"ASV_0261","Bacteria","Firmicutes","Clostridia","Oscillospirales","Ruminococcaceae","Faecalibacterium",NA
"ASV_0262","Bacteria","Firmicutes","Clostridia","Oscillospirales","Ruminococcaceae","Ruminococcus",NA
"ASV_0263","Bacteria","Proteobacteria","Gammaproteobacteria","Enterobacterales","Orbaceae",NA,NA
"ASV_0264","Bacteria","Cloacimonadota","Cloacimonadia","Cloacimonadales","Cloacimonadaceae","W5",NA
"ASV_0265","Bacteria","Bacteroidota","Bacteroidia","Bacteroidales","Muribaculaceae",NA,NA
"ASV_0266","Bacteria","Firmicutes","Clostridia","Lachnospirales","Lachnospiraceae","Lachnospiraceae NK4A136 group",NA
"ASV_0267","Bacteria","Firmicutes","Clostridia","Oscillospirales","Oscillospiraceae","Colidextribacter",NA
"ASV_0268","Bacteria","Proteobacteria","Alphaproteobacteria","Rickettsiales","Midichloriaceae","Candidatus Midichloria",NA
"ASV_0269","Bacteria","Desulfobacterota","Desulfuromonadia","Desulfuromonadales","Geopsychrobacteraceae","Desulfuromusa",NA
"ASV_0270","Bacteria","Bacteroidota","Bacteroidia","Bacteroidales","Rikenellaceae","Rikenellaceae RC9 gut group",NA
"ASV_0271","Bacteria","Firmicutes","Clostridia","Oscillospirales","Oscillospiraceae","Intestinimonas",NA
"ASV_0272","Bacteria","Firmicutes","Clostridia","Lachnospirales","Lachnospiraceae","[Bacteroides] pectinophilus group",NA
"ASV_0273","Bacteria","Firmicutes","Clostridia","Oscillospirales","Ruminococcaceae","Ruminococcus",NA
"ASV_0274","Bacteria","Firmicutes","Clostridia","Peptostreptococcales-Tissierellales",NA,NA,NA
"ASV_0275","Bacteria","Firmicutes","Clostridia","Lachnospirales","Lachnospiraceae","Lachnospiraceae NK4A136 group",NA
"ASV_0276","Bacteria","Cyanobacteria","Cyanobacteriia","Chloroplast",NA,NA,NA
"ASV_0277","Bacteria","Proteobacteria","Alphaproteobacteria","Rickettsiales","Mitochondria",NA,NA
"ASV_0278","Bacteria","Proteobacteria","Gammaproteobacteria","Burkholderiales",NA,NA,NA
"ASV_0279","Bacteria","Firmicutes","Clostridia","Lachnospirales","Lachnospiraceae","Lachnospiraceae NK4A136 group",NA
"ASV_0280","Bacteria","Bacteroidota","Bacteroidia","Bacteroidales","Muribaculaceae",NA,NA
"ASV_0281","Bacteria","Bacteroidota","Bacteroidia","Bacteroidales","Prevotellaceae","Alloprevotella",NA
"ASV_0282","Bacteria","Bacteroidota","Bacteroidia","Bacteroidales","Muribaculaceae",NA,NA
"ASV_0283","Bacteria","Firmicutes","Clostridia","Oscillospirales","Ruminococcaceae","Ruminococcus",NA
"ASV_0284","Bacteria","Firmicutes","Clostridia","Oscillospirales","Ruminococcaceae","Caproiciproducens",NA
"ASV_0285","Bacteria","Firmicutes","Clostridia","Lachnospirales","Lachnospiraceae","Lachnospiraceae NK4A136 group",NA
"ASV_0286","Bacteria","Proteobacteria","Alphaproteobacteria","Acetobacterales","Acetobacteraceae","Commensalibacter",NA
"ASV_0287","Bacteria","Proteobacteria","Alphaproteobacteria","Rhizobiales","Rhizobiaceae",NA,NA
"ASV_0288","Bacteria","Proteobacteria","Alphaproteobacteria","Rhizobiales","Rhizobiaceae",NA,NA
"ASV_0289","Bacteria","Firmicutes","Clostridia","Oscillospirales","Ruminococcaceae","Ruminococcus",NA
"ASV_0290","Bacteria","Firmicutes","Clostridia","Oscillospirales","Ruminococcaceae","Faecalibacterium","prausnitzii"
"ASV_0291","Bacteria","Proteobacteria","Alphaproteobacteria","Rickettsiales","Anaplasmataceae","Wolbachia","pipientis"
"ASV_0292","Bacteria","Firmicutes","Clostridia","Oscillospirales","Ruminococcaceae","Ruminococcus",NA
"ASV_0293","Bacteria","Firmicutes","Bacilli","Lactobacillales","Lactobacillaceae","Lactobacillus",NA
"ASV_0294","Bacteria","Proteobacteria","Gammaproteobacteria","Pseudomonadales","Moraxellaceae","Acinetobacter",NA
"ASV_0295","Bacteria","Firmicutes","Clostridia","Clostridia UCG-014",NA,NA,NA
"ASV_0296","Bacteria","Firmicutes","Clostridia","Lachnospirales","Lachnospiraceae","Agathobacter",NA
"ASV_0297","Bacteria","Firmicutes","Clostridia","Peptostreptococcales-Tissierellales","Family XI","Tissierella",NA
"ASV_0298","Bacteria","Firmicutes","Clostridia","Monoglobales","Monoglobaceae","Monoglobus",NA
"ASV_0299","Bacteria","Firmicutes","Bacilli","Erysipelotrichales","Erysipelotrichaceae","Allobaculum",NA
"ASV_0300","Bacteria","Firmicutes","Clostridia","Oscillospirales","Ruminococcaceae","Ruminococcus",NA
"ASV_0301","Bacteria","Actinobacteriota","Actinobacteria","Bifidobacteriales","Bifidobacteriaceae",NA,NA
"ASV_0302","Bacteria","Firmicutes","Clostridia","Lachnospirales","Lachnospiraceae","Lachnospiraceae NK4A136 group",NA
"ASV_0303","Bacteria","Bacteroidota","Bacteroidia","Bacteroidales","Bacteroidaceae","Bacteroides",NA
"ASV_0304","Bacteria","Firmicutes","Thermoanaerobacteria","Thermoanaerobacterales","SRB2",NA,NA
"ASV_0305","Bacteria","Firmicutes","Clostridia","Clostridia UCG-014",NA,NA,NA
"ASV_0306","Bacteria","Proteobacteria","Gammaproteobacteria","Pseudomonadales","Pseudomonadaceae","Pseudomonas",NA
"ASV_0307","Bacteria","Firmicutes","Clostridia","Oscillospirales","Oscillospiraceae",NA,NA
"ASV_0308","Bacteria","Firmicutes","Clostridia","Peptostreptococcales-Tissierellales","Peptostreptococcaceae",NA,NA
"ASV_0309","Bacteria","Bacteroidota","Bacteroidia","Bacteroidales","Muribaculaceae","Muribaculum",NA
"ASV_0310","Bacteria","Bacteroidota","Bacteroidia","Bacteroidales","Rikenellaceae","Alistipes",NA
"ASV_0311","Bacteria","Proteobacteria","Gammaproteobacteria","Burkholderiales","Comamonadaceae","Hydrogenophaga","taeniospiralis"
"ASV_0312","Bacteria","Firmicutes","Bacilli","Lactobacillales","Lactobacillaceae","Lactobacillus",NA
"ASV_0313","Bacteria","Proteobacteria","Gammaproteobacteria","Burkholderiales","Comamonadaceae","Sphaerotilus",NA
"ASV_0314","Bacteria","Actinobacteriota","Coriobacteriia","Coriobacteriales","Coriobacteriales Incertae Sedis",NA,NA
"ASV_0315","Bacteria","Firmicutes","Clostridia","Oscillospirales","Oscillospiraceae","Colidextribacter",NA
"ASV_0316","Bacteria","Bacteroidota","Bacteroidia","Bacteroidales","Muribaculaceae",NA,NA
"ASV_0317","Bacteria","Firmicutes","Bacilli","Lactobacillales","Lactobacillaceae","Lactobacillus",NA
"ASV_0318","Bacteria","Firmicutes","Clostridia","Lachnospirales","Lachnospiraceae","Lachnospiraceae NK4A136 group",NA
"ASV_0319","Bacteria","Desulfobacterota","Desulfovibrionia","Desulfovibrionales","Desulfonatronaceae","Desulfonatronum",NA
"ASV_0320","Bacteria","Firmicutes","Clostridia","Lachnospirales","Lachnospiraceae",NA,NA
"ASV_0321","Bacteria","Bacteroidota","Bacteroidia","Chitinophagales","Chitinophagaceae","Edaphobaculum",NA
"ASV_0322","Bacteria","Bacteroidota","Bacteroidia","Bacteroidales","Muribaculaceae",NA,NA
"ASV_0323","Bacteria","Bacteroidota","Bacteroidia","Bacteroidales","Rikenellaceae","Rikenellaceae RC9 gut group",NA
"ASV_0324","Bacteria","Firmicutes","Clostridia","Monoglobales","Monoglobaceae","Monoglobus",NA
"ASV_0325","Bacteria","Bacteroidota","Bacteroidia","Bacteroidales","Muribaculaceae",NA,NA
"ASV_0326","Bacteria","Firmicutes","Clostridia","Oscillospirales","Oscillospiraceae",NA,NA
"ASV_0327","Bacteria","Firmicutes","Negativicutes","Acidaminococcales","Acidaminococcaceae","Phascolarctobacterium","succinatutens"
"ASV_0328","Bacteria","Firmicutes","Clostridia","Oscillospirales","Ruminococcaceae","Ruminococcus",NA
"ASV_0329","Bacteria","Bacteroidota","Bacteroidia","Bacteroidales","Muribaculaceae",NA,NA
"ASV_0330","Bacteria","Firmicutes","Clostridia","Lachnospirales","Lachnospiraceae",NA,NA
"ASV_0331","Bacteria","Firmicutes","Clostridia","Oscillospirales","Ruminococcaceae","Pygmaiobacter",NA
"ASV_0332","Bacteria","Firmicutes","Clostridia","Oscillospirales","Ruminococcaceae","Incertae Sedis",NA
"ASV_0333","Bacteria","Bacteroidota","Bacteroidia","Bacteroidales","ML635J-40 aquatic group",NA,NA
"ASV_0334","Bacteria","Proteobacteria","Gammaproteobacteria","Xanthomonadales","Xanthomonadaceae","Stenotrophomonas",NA
"ASV_0335","Bacteria","Bacteroidota","Bacteroidia","Bacteroidales","Bacteroidaceae","Bacteroides",NA
"ASV_0336","Bacteria","Proteobacteria","Gammaproteobacteria","Burkholderiales","Methylophilaceae","UBA6140",NA
"ASV_0337","Bacteria","Desulfobacterota","Desulfovibrionia","Desulfovibrionales","Desulfovibrionaceae",NA,NA
"ASV_0338","Bacteria","Firmicutes","Clostridia","Lachnospirales","Lachnospiraceae",NA,NA
"ASV_0339","Bacteria","Firmicutes","Clostridia","Oscillospirales","Oscillospiraceae","UCG-005",NA
"ASV_0340","Bacteria","Firmicutes","Clostridia","Oscillospirales","Oscillospiraceae","Intestinimonas",NA
"ASV_0341","Bacteria","Firmicutes","Clostridia","Oscillospirales","Oscillospiraceae","Intestinimonas",NA
"ASV_0342","Bacteria","Bacteroidota","Bacteroidia","Bacteroidales","Muribaculaceae",NA,NA
"ASV_0343","Bacteria","Firmicutes","Bacilli","Erysipelotrichales","Erysipelatoclostridiaceae","Erysipelotrichaceae UCG-003",NA
"ASV_0344","Bacteria","Firmicutes","Clostridia","Oscillospirales","Oscillospiraceae",NA,NA
"ASV_0345","Bacteria","Firmicutes","Clostridia","Lachnospirales","Lachnospiraceae","Lachnospiraceae NK4A136 group",NA
"ASV_0346","Bacteria","Desulfobacterota","Desulfovibrionia","Desulfovibrionales","Desulfovibrionaceae","Desulfovibrio",NA
"ASV_0347","Bacteria","Firmicutes","Bacilli","Erysipelotrichales","Erysipelotrichaceae","Erysipelothrix",NA
"ASV_0348","Bacteria","Firmicutes","Clostridia","Oscillospirales","[Eubacterium] coprostanoligenes group",NA,NA
"ASV_0349","Bacteria","Proteobacteria","Alphaproteobacteria","Rhizobiales","Beijerinckiaceae","Methylobacterium-Methylorubrum",NA
"ASV_0350","Bacteria","Firmicutes","Clostridia","Oscillospirales","Ruminococcaceae","Subdoligranulum",NA
"ASV_0351","Bacteria","Cyanobacteria","Cyanobacteriia","Chloroplast",NA,NA,NA
"ASV_0352","Bacteria","Bacteroidota","Bacteroidia","Flavobacteriales","Flavobacteriaceae","Aequorivita",NA
"ASV_0353","Bacteria","Proteobacteria","Alphaproteobacteria","Rhodobacterales","Rhodobacteraceae","Rhodobaculum",NA
"ASV_0354","Bacteria","Proteobacteria","Alphaproteobacteria","Caulobacterales","Hyphomonadaceae","Glycocaulis",NA
"ASV_0355","Bacteria","Firmicutes","Clostridia","Oscillospirales","Oscillospiraceae","UCG-005",NA
"ASV_0356","Bacteria","Firmicutes","Clostridia","Oscillospirales","Ruminococcaceae","Subdoligranulum",NA
"ASV_0357","Bacteria","Bacteroidota","Bacteroidia","Bacteroidales","Prevotellaceae","Prevotellaceae UCG-003",NA
"ASV_0358","Bacteria","Firmicutes","Clostridia","Clostridia UCG-014",NA,NA,NA
"ASV_0359","Bacteria","Firmicutes","Clostridia","Oscillospirales","Oscillospiraceae","NK4A214 group",NA
"ASV_0360","Bacteria","Firmicutes","Clostridia","Lachnospirales","Lachnospiraceae","Lachnospiraceae NK4A136 group",NA
"ASV_0361","Bacteria","Bacteroidota","Bacteroidia","Bacteroidales","Muribaculaceae",NA,NA
"ASV_0362","Bacteria","Bacteroidota","Bacteroidia","Bacteroidales","Muribaculaceae",NA,NA
"ASV_0363","Bacteria","Firmicutes","Clostridia","Oscillospirales","Ruminococcaceae","Ruminococcus",NA
"ASV_0364","Bacteria","Proteobacteria","Gammaproteobacteria","Enterobacterales","Orbaceae",NA,NA
"ASV_0365","Bacteria","Bacteroidota","Bacteroidia","Bacteroidales","Dysgonomonadaceae","Proteiniphilum",NA
"ASV_0366","Bacteria","Firmicutes","Clostridia","Lachnospirales","Lachnospiraceae","Lachnospiraceae NK4A136 group",NA
"ASV_0367","Bacteria","Firmicutes","Clostridia","Christensenellales","Christensenellaceae","Christensenellaceae R-7 group",NA
"ASV_0368","Bacteria","Firmicutes","Clostridia","Oscillospirales","Oscillospiraceae","UCG-002",NA
"ASV_0369","Bacteria","Firmicutes","Clostridia","Oscillospirales","[Eubacterium] coprostanoligenes group",NA,NA
"ASV_0370","Bacteria","Firmicutes","Clostridia","Clostridiales","Clostridiaceae","Clostridium sensu stricto 12","tyrobutyricum"
"ASV_0371","Bacteria","Firmicutes","Clostridia","Lachnospirales","Lachnospiraceae","Lachnospiraceae NK4A136 group",NA
"ASV_0372","Bacteria","Campylobacterota","Campylobacteria","Campylobacterales","Helicobacteraceae","Helicobacter","ganmani"
"ASV_0373","Bacteria","Firmicutes","Clostridia","Oscillospirales","[Eubacterium] coprostanoligenes group",NA,NA
"ASV_0374","Bacteria","Bacteroidota","Bacteroidia","Bacteroidales","Muribaculaceae",NA,NA
"ASV_0375","Bacteria","Firmicutes","Clostridia","Lachnospirales","Lachnospiraceae","Blautia",NA
"ASV_0376","Bacteria","Firmicutes","Clostridia","Clostridia vadinBB60 group",NA,NA,NA
"ASV_0377","Bacteria","Bacteroidota","Bacteroidia","Bacteroidales","Rikenellaceae","Alistipes",NA
"ASV_0378","Bacteria","Bacteroidota","Bacteroidia","Bacteroidales","Muribaculaceae","Muribaculum","intestinale"
"ASV_0379","Bacteria","Firmicutes","Clostridia","Lachnospirales","Lachnospiraceae","Blautia",NA
"ASV_0380","Bacteria","Firmicutes","Clostridia","Lachnospirales","Lachnospiraceae",NA,NA
"ASV_0381","Bacteria","Actinobacteriota","Actinobacteria","Corynebacteriales","Nocardiaceae","Rhodococcus",NA
"ASV_0382","Bacteria","Firmicutes","Clostridia","Lachnospirales","Lachnospiraceae",NA,NA
"ASV_0383","Bacteria","Proteobacteria","Alphaproteobacteria","Rhizobiales","Beijerinckiaceae","Methylobacterium-Methylorubrum",NA
"ASV_0384","Bacteria","Bacteroidota","Bacteroidia","Bacteroidales","Muribaculaceae",NA,NA
"ASV_0385","Bacteria","Firmicutes","Clostridia","Lachnospirales","Lachnospiraceae","[Eubacterium] xylanophilum group",NA
"ASV_0386","Bacteria","Firmicutes","Clostridia","Oscillospirales","Ruminococcaceae",NA,NA
"ASV_0387","Bacteria","Firmicutes","Clostridia","Oscillospirales","Butyricicoccaceae",NA,NA
"ASV_0388","Bacteria","Proteobacteria","Alphaproteobacteria","Rickettsiales","Mitochondria",NA,NA
"ASV_0389","Bacteria","Firmicutes","Clostridia","Peptostreptococcales-Tissierellales","Clostridium sensu stricto",NA,NA
"ASV_0390","Bacteria","Firmicutes","Clostridia","Lachnospirales","Lachnospiraceae",NA,NA
"ASV_0391","Bacteria","Proteobacteria","Gammaproteobacteria","Nitrosococcales","Methylophagaceae","Methylophaga","lonarensis"
"ASV_0392","Bacteria","Firmicutes","Bacilli","Erysipelotrichales","Erysipelotrichaceae",NA,NA
"ASV_0393","Bacteria","Firmicutes","Clostridia","Oscillospirales","Ruminococcaceae","Ruminococcus",NA
"ASV_0394","Bacteria","Bacteroidota","Bacteroidia","Bacteroidales","Muribaculaceae",NA,NA
"ASV_0395","Bacteria","Firmicutes","Clostridia","Oscillospirales","Oscillospiraceae","UCG-005",NA
"ASV_0396","Bacteria","Bacteroidota","Bacteroidia","Bacteroidales","Muribaculaceae",NA,NA
"ASV_0397","Bacteria","Firmicutes","Clostridia","Lachnospirales","Lachnospiraceae","Lachnospiraceae NK4A136 group",NA
"ASV_0398","Bacteria","Firmicutes","Clostridia","Lachnospirales","Lachnospiraceae","Lachnospiraceae NK4A136 group",NA
"ASV_0399","Bacteria","Proteobacteria","Gammaproteobacteria","Burkholderiales","Neisseriaceae","Snodgrassella",NA
"ASV_0400","Bacteria","Bacteroidota","Bacteroidia","Bacteroidales","Muribaculaceae",NA,NA
"ASV_0401","Bacteria","Firmicutes","Clostridia","Clostridia UCG-014",NA,NA,NA
"ASV_0402","Bacteria","Firmicutes","Bacilli","Bacillales","Bacillaceae",NA,NA
"ASV_0403","Bacteria","Firmicutes","Clostridia","Lachnospirales","Lachnospiraceae","Lachnospiraceae NK4A136 group",NA
"ASV_0404","Bacteria","Firmicutes","Bacilli","Desulfuribacillales","Desulfuribacillaceae","Desulfuribacillus",NA
"ASV_0405","Bacteria","Bacteroidota","Bacteroidia","Bacteroidales","ML635J-40 aquatic group",NA,NA
"ASV_0406","Bacteria","Bacteroidota","Bacteroidia","Bacteroidales","Rikenellaceae","Alistipes","shahii"
"ASV_0407","Bacteria","Proteobacteria","Alphaproteobacteria","Sphingomonadales","Sphingomonadaceae","Sphingomonas",NA
"ASV_0408","Bacteria","Proteobacteria","Gammaproteobacteria","Enterobacterales","Pasteurellaceae","Haemophilus",NA
"ASV_0409","Bacteria","Firmicutes","Clostridia","Oscillospirales","Oscillospiraceae","UCG-002",NA
"ASV_0410","Bacteria","Firmicutes","Bacilli","Lactobacillales","Lactobacillaceae","Bombilactobacillus",NA
"ASV_0411","Bacteria","Cyanobacteria","Cyanobacteriia","Chloroplast",NA,NA,NA
"ASV_0412","Bacteria","Desulfobacterota","Desulfovibrionia","Desulfovibrionales","Desulfonatronaceae","Desulfonatronum",NA
"ASV_0413","Bacteria","Firmicutes","Clostridia","Lachnospirales","Lachnospiraceae","Lachnospiraceae NK4A136 group",NA
"ASV_0414","Bacteria","Firmicutes","Clostridia","Oscillospirales","Oscillospiraceae","UCG-005",NA
"ASV_0415","Bacteria","Firmicutes","Clostridia","Oscillospirales","[Eubacterium] coprostanoligenes group",NA,NA
"ASV_0416","Bacteria","Firmicutes","Clostridia","Lachnospirales","Lachnospiraceae",NA,NA
"ASV_0417","Bacteria","Firmicutes","Clostridia","Lachnospirales","Defluviitaleaceae","Defluviitalea",NA
"ASV_0418","Bacteria","Proteobacteria","Gammaproteobacteria","Burkholderiales","Comamonadaceae",NA,NA
"ASV_0419","Bacteria","Firmicutes","Clostridia","Oscillospirales","Oscillospiraceae","Intestinimonas",NA
"ASV_0420","Bacteria","Bacteroidota","Bacteroidia","Bacteroidales","Muribaculaceae",NA,NA
"ASV_0421","Bacteria","Bacteroidota","Bacteroidia","Bacteroidales","Muribaculaceae",NA,NA
"ASV_0422","Bacteria","Firmicutes","Clostridia","Lachnospirales","Lachnospiraceae",NA,NA
"ASV_0423","Bacteria","Bacteroidota","Bacteroidia","Bacteroidales","Prevotellaceae","Prevotella_7","multisaccharivorax"
"ASV_0424","Bacteria","Bacteroidota","Bacteroidia","Bacteroidales","Muribaculaceae",NA,NA
"ASV_0425","Bacteria","Firmicutes","Clostridia","Oscillospirales","Ruminococcaceae","Incertae Sedis",NA
"ASV_0426","Bacteria","Firmicutes","Clostridia","Clostridia UCG-014",NA,NA,NA
"ASV_0427","Bacteria","Firmicutes","Clostridia","Peptostreptococcales-Tissierellales","Dethiosulfatibacteraceae","Dethiosulfatibacter",NA
"ASV_0428","Bacteria","Firmicutes","Clostridia","Oscillospirales","Oscillospiraceae","UCG-002",NA
"ASV_0429","Bacteria","Firmicutes","Clostridia","Oscillospirales","Ruminococcaceae","Ruminococcus",NA
"ASV_0430","Bacteria","Proteobacteria","Gammaproteobacteria","Burkholderiales","Comamonadaceae",NA,NA
"ASV_0431","Bacteria","Proteobacteria","Gammaproteobacteria","Burkholderiales","Comamonadaceae","Hydrogenophaga",NA
"ASV_0432","Bacteria","Proteobacteria","Gammaproteobacteria","Xanthomonadales","Xanthomonadaceae","Luteimonas","vadosa"
"ASV_0433","Bacteria","Desulfobacterota","Desulfovibrionia","Desulfovibrionales","Desulfonatronovibrionaceae","Desulfonatronovibrio",NA
"ASV_0434","Bacteria","Proteobacteria","Gammaproteobacteria","Pseudomonadales","Moraxellaceae","Acinetobacter",NA
"ASV_0435","Bacteria","Bacteroidota","Bacteroidia","Bacteroidales","Prevotellaceae","Prevotellaceae UCG-003",NA
"ASV_0436","Bacteria","Firmicutes","Clostridia","Oscillospirales","Oscillospiraceae",NA,NA
"ASV_0437","Bacteria","Bacteroidota","Bacteroidia","Bacteroidales","Muribaculaceae",NA,NA
"ASV_0438","Bacteria","Firmicutes","Clostridia","Lachnospirales","Lachnospiraceae",NA,NA
"ASV_0439","Bacteria","Firmicutes","Clostridia","Lachnospirales","Lachnospiraceae","Lachnospiraceae NK4A136 group",NA
"ASV_0440","Bacteria","Proteobacteria","Alphaproteobacteria","Rickettsiales","Mitochondria",NA,NA
"ASV_0441","Bacteria","Firmicutes","Bacilli","RF39",NA,NA,NA
"ASV_0442","Bacteria","Cyanobacteria","Cyanobacteriia","Cyanobacteriales","Cyanobacteriaceae","Geminocystis PCC-6308",NA
"ASV_0443","Bacteria","Bacteroidota","Bacteroidia","Bacteroidales","Muribaculaceae",NA,NA
"ASV_0444","Bacteria","Proteobacteria","Alphaproteobacteria","Rickettsiales","Mitochondria",NA,NA
"ASV_0445","Bacteria","Firmicutes","Clostridia","Lachnospirales","Lachnospiraceae","Lachnospiraceae NK4A136 group",NA
"ASV_0446","Bacteria","Firmicutes","Clostridia","Oscillospirales","Oscillospiraceae",NA,NA
"ASV_0447","Bacteria","Firmicutes","Clostridia",NA,NA,NA,NA
"ASV_0448","Bacteria","Firmicutes","Clostridia","Clostridia UCG-014",NA,NA,NA
"ASV_0449","Bacteria","Bacteroidota","Bacteroidia","Bacteroidales","Bacteroidaceae","Bacteroides",NA
"ASV_0450","Bacteria","Desulfobacterota","Desulfovibrionia","Desulfovibrionales","Desulfonatronaceae","Desulfonatronum",NA
"ASV_0451","Bacteria","Firmicutes","Clostridia","Oscillospirales","[Eubacterium] coprostanoligenes group",NA,NA
"ASV_0452","Bacteria","Firmicutes","Clostridia","Oscillospirales","Oscillospiraceae","Intestinimonas",NA
"ASV_0453","Bacteria","Firmicutes","Clostridia","Oscillospirales","Ruminococcaceae","Ruminococcus",NA
"ASV_0454","Bacteria","Bacteroidota","Bacteroidia","Bacteroidales","Muribaculaceae",NA,NA
"ASV_0455","Bacteria","Proteobacteria","Gammaproteobacteria","Pseudomonadales","Pseudomonadaceae","Pseudomonas",NA
"ASV_0456","Bacteria","Bacteroidota","Bacteroidia","Bacteroidales","Muribaculaceae",NA,NA
"ASV_0457","Bacteria","Firmicutes","Clostridia","Lachnospirales","Lachnospiraceae",NA,NA
"ASV_0458","Bacteria","Proteobacteria","Alphaproteobacteria","Acetobacterales","Acetobacteraceae",NA,NA
"ASV_0459","Bacteria","Proteobacteria","Alphaproteobacteria","Rhizobiales","Rhizobiaceae",NA,NA
"ASV_0460","Bacteria","Proteobacteria","Alphaproteobacteria","Rhodobacterales","Rhodobacteraceae","Roseinatronobacter",NA
"ASV_0461","Bacteria","Proteobacteria","Gammaproteobacteria","Burkholderiales","Comamonadaceae","Schlegelella",NA
"ASV_0462","Bacteria","Firmicutes","Clostridia","Peptostreptococcales-Tissierellales",NA,NA,NA
"ASV_0463","Bacteria","Firmicutes","Thermoanaerobacteria","Thermoanaerobacterales","Family III","Thermoanaerobacterium",NA
"ASV_0464","Bacteria","Firmicutes","Bacilli","RF39",NA,NA,NA
"ASV_0465","Bacteria","Bacteroidota","Bacteroidia","Bacteroidales","Prevotellaceae","Prevotella_9",NA
"ASV_0466","Bacteria","Spirochaetota","Spirochaetia","Spirochaetales","Spirochaetaceae","Treponema",NA
"ASV_0467","Bacteria","Firmicutes","Negativicutes","Veillonellales-Selenomonadales","Selenomonadaceae","Quinella",NA
"ASV_0468","Bacteria","Firmicutes","Clostridia","Lachnospirales","Lachnospiraceae",NA,NA
"ASV_0469","Bacteria","Firmicutes","Clostridia","Oscillospirales","Oscillospiraceae",NA,NA
"ASV_0470","Bacteria","Firmicutes","Clostridia","Lachnospirales","Lachnospiraceae","[Eubacterium] xylanophilum group",NA
"ASV_0471","Bacteria","Coprothermobacterota","Coprothermobacteria","Coprothermobacterales","Coprothermobacteraceae","Coprothermobacter","proteolyticus"
"ASV_0472","Bacteria","Firmicutes","Clostridia","Oscillospirales","[Eubacterium] coprostanoligenes group",NA,NA
"ASV_0473","Bacteria","Firmicutes","Clostridia","Lachnospirales","Lachnospiraceae","Lachnospiraceae NK4A136 group",NA
"ASV_0474","Bacteria","Firmicutes","Clostridia","Clostridia UCG-014",NA,NA,NA
"ASV_0475","Bacteria","Firmicutes","Clostridia","Clostridia vadinBB60 group",NA,NA,NA
"ASV_0476","Bacteria","Cyanobacteria","Cyanobacteriia","Chloroplast",NA,NA,NA
"ASV_0477","Bacteria","Firmicutes","Clostridia","Lachnospirales","Lachnospiraceae","Lachnospiraceae NK4A136 group",NA
"ASV_0478","Bacteria","Firmicutes","Bacilli","RF39",NA,NA,NA
"ASV_0479","Bacteria","Firmicutes","Clostridia","Clostridia UCG-014",NA,NA,NA
"ASV_0480","Bacteria","Bacteroidota","Bacteroidia","Bacteroidales","Muribaculaceae",NA,NA
"ASV_0481","Bacteria","Actinobacteriota","Actinobacteria","Corynebacteriales","Mycobacteriaceae","Mycobacterium",NA
"ASV_0482","Bacteria","Proteobacteria","Gammaproteobacteria","Enterobacterales","Pectobacteriaceae","Nissabacter",NA
"ASV_0483","Bacteria","Firmicutes","Clostridia","Lachnospirales","Lachnospiraceae","Lachnospiraceae NK4A136 group",NA
"ASV_0484","Bacteria","Proteobacteria","Alphaproteobacteria","Rickettsiales","Mitochondria",NA,NA
"ASV_0485","Bacteria","Firmicutes","Clostridia","Oscillospirales","Ruminococcaceae","Fournierella",NA
"ASV_0486","Bacteria","Firmicutes","Clostridia","Peptococcales","Peptococcaceae","Desulfitispora",NA
"ASV_0487","Bacteria","Cyanobacteria","Cyanobacteriia","Chloroplast",NA,NA,NA
"ASV_0488","Bacteria","Cyanobacteria","Cyanobacteriia","Chloroplast",NA,NA,NA
"ASV_0489","Bacteria","Bacteroidota","Bacteroidia","Bacteroidales","ML635J-40 aquatic group",NA,NA
"ASV_0490","Bacteria","Firmicutes","Clostridia","Peptostreptococcales-Tissierellales","Peptostreptococcaceae","Romboutsia",NA
"ASV_0491","Bacteria","Bacteroidota","Bacteroidia","Bacteroidales","Muribaculaceae",NA,NA
"ASV_0492","Bacteria","Firmicutes","Clostridia","Oscillospirales","Ruminococcaceae","Ruminococcus",NA
"ASV_0493","Bacteria","Proteobacteria","Alphaproteobacteria","Sphingomonadales","Sphingomonadaceae","Sphingomonas",NA
"ASV_0494","Bacteria","Firmicutes","Clostridia","Oscillospirales","Oscillospiraceae",NA,NA
"ASV_0495","Bacteria","Firmicutes","Clostridia","Lachnospirales","Lachnospiraceae","Lachnospiraceae NK4A136 group",NA
"ASV_0496","Bacteria","Firmicutes","Clostridia","Lachnospirales","Lachnospiraceae","Blautia",NA
"ASV_0497","Bacteria","Firmicutes","Bacilli","Lactobacillales","Lactobacillaceae",NA,NA
"ASV_0498","Bacteria","Firmicutes","Clostridia","Clostridiales","Clostridiaceae","Clostridium sensu stricto 12","luticellarii"
"ASV_0499","Bacteria","Proteobacteria","Gammaproteobacteria","Burkholderiales","Rhodocyclaceae","Azoarcus",NA
"ASV_0500","Bacteria","Cyanobacteria","Cyanobacteriia","Chloroplast",NA,NA,NA
"ASV_0501","Bacteria","Proteobacteria","Alphaproteobacteria","Rhizobiales","Beijerinckiaceae","Methylosinus","sporium"
"ASV_0502","Bacteria","Firmicutes","Clostridia","Oscillospirales","Ruminococcaceae","Caproiciproducens",NA
"ASV_0503","Bacteria","Bacteroidota","Bacteroidia","Bacteroidales","Muribaculaceae",NA,NA
"ASV_0504","Bacteria","Planctomycetota","Phycisphaerae","Phycisphaerales","Phycisphaeraceae",NA,NA
"ASV_0505","Bacteria","Proteobacteria","Gammaproteobacteria","Burkholderiales","Comamonadaceae","Hydrogenophaga",NA
"ASV_0506","Bacteria","Firmicutes","Clostridia","MAT-CR-H4-C10",NA,NA,NA
"ASV_0507","Bacteria","Firmicutes","Clostridia","Peptostreptococcales-Tissierellales","Family XI","Soehngenia",NA
"ASV_0508","Bacteria","Firmicutes","Clostridia","Peptostreptococcales-Tissierellales",NA,NA,NA
"ASV_0509","Bacteria","Firmicutes","Clostridia",NA,NA,NA,NA
"ASV_0510","Bacteria","Firmicutes","Bacilli","Acholeplasmatales","Acholeplasmataceae","Anaeroplasma",NA
"ASV_0511","Bacteria","Firmicutes","Clostridia","Oscillospirales","Oscillospiraceae","UCG-005",NA
"ASV_0512","Bacteria","Firmicutes","Clostridia","Peptostreptococcales-Tissierellales","Peptostreptococcaceae",NA,NA
"ASV_0513","Bacteria","Firmicutes","Bacilli","RF39",NA,NA,NA
"ASV_0514","Bacteria","Firmicutes","Clostridia","Lachnospirales","Lachnospiraceae",NA,NA
"ASV_0515","Bacteria","Bacteroidota","Bacteroidia","Bacteroidales","Muribaculaceae",NA,NA
"ASV_0516","Bacteria","Bacteroidota","Bacteroidia","Bacteroidales","Muribaculaceae","Muribaculum",NA
"ASV_0517","Bacteria","Firmicutes","Clostridia","Oscillospirales","[Eubacterium] coprostanoligenes group",NA,NA
"ASV_0518","Bacteria","Firmicutes","Bacilli","Erysipelotrichales","Erysipelatoclostridiaceae","Erysipelotrichaceae UCG-003",NA
"ASV_0519","Bacteria","Firmicutes","Bacilli","Erysipelotrichales","Erysipelotrichaceae","Dubosiella",NA
"ASV_0520","Bacteria","Firmicutes","Clostridia","Monoglobales","Monoglobaceae","Monoglobus",NA
"ASV_0521","Bacteria","Firmicutes","Clostridia","Oscillospirales","Oscillospiraceae","UCG-005",NA
"ASV_0522","Bacteria","Firmicutes","Clostridia","Lachnospirales","Lachnospiraceae",NA,NA
"ASV_0523","Bacteria","Firmicutes","Clostridia","Oscillospirales","Oscillospiraceae","NK4A214 group",NA
"ASV_0524","Bacteria","Firmicutes","Clostridia","Lachnospirales","Lachnospiraceae",NA,NA
"ASV_0525","Bacteria","Firmicutes","Clostridia","Oscillospirales","Ruminococcaceae","[Eubacterium] siraeum group",NA
"ASV_0526","Bacteria","Firmicutes","Clostridia","Lachnospirales","Lachnospiraceae","Lachnospiraceae NK4A136 group",NA
"ASV_0527","Bacteria","Firmicutes","Clostridia","Oscillospirales","Ruminococcaceae","[Eubacterium] siraeum group",NA
"ASV_0528","Bacteria","Firmicutes","Clostridia","Lachnospirales","Lachnospiraceae","[Eubacterium] ventriosum group",NA
"ASV_0529","Bacteria","Firmicutes","Clostridia","Clostridiales","Clostridiaceae","Clostridium sensu stricto 12",NA
"ASV_0530","Bacteria","Actinobacteriota","Actinobacteria","Micrococcales","Micrococcaceae","Arthrobacter",NA
"ASV_0531","Bacteria","Firmicutes","Clostridia","Oscillospirales","Ruminococcaceae","Fournierella",NA
"ASV_0532","Bacteria","Firmicutes","Clostridia","Peptostreptococcales-Tissierellales","Dethiosulfatibacteraceae","Dethiosulfatibacter",NA
"ASV_0533","Bacteria","Desulfobacterota","Desulfovibrionia","Desulfovibrionales","Desulfonatronaceae","Desulfonatronum",NA
"ASV_0534","Bacteria","Firmicutes","Clostridia","Lachnospirales","Lachnospiraceae",NA,NA
"ASV_0535","Bacteria","Firmicutes","Clostridia","Lachnospirales","Lachnospiraceae","Lachnospiraceae NK4A136 group",NA
"ASV_0536","Bacteria","Firmicutes","Thermoanaerobacteria","Thermoanaerobacterales","SRB2",NA,NA
"ASV_0537","Bacteria","Firmicutes","Clostridia","Oscillospirales","Ruminococcaceae","Ruminococcus",NA
"ASV_0538","Bacteria","Firmicutes","Clostridia","Peptococcales","Peptococcaceae","Desulfitispora",NA
"ASV_0539","Bacteria","Firmicutes","Bacilli","Erysipelotrichales","Erysipelotrichaceae","Erysipelothrix",NA
"ASV_0540","Bacteria","Acidobacteriota","Aminicenantia","Aminicenantales",NA,NA,NA
"ASV_0541","Bacteria","Firmicutes","Clostridia","Christensenellales","Christensenellaceae","Christensenellaceae R-7 group",NA
"ASV_0542","Bacteria","Firmicutes","Clostridia","Peptostreptococcales-Tissierellales","Peptostreptococcaceae",NA,NA
"ASV_0543","Archaea","Thermoplasmatota","Thermoplasmata","Methanomassiliicoccales","Methanomethylophilaceae",NA,NA
"ASV_0544","Bacteria","Firmicutes","Clostridia","Lachnospirales","Lachnospiraceae","Lachnospiraceae NK4A136 group",NA
"ASV_0545","Bacteria","Proteobacteria","Gammaproteobacteria","Pseudomonadales","Moraxellaceae","Acinetobacter",NA
"ASV_0546","Bacteria","Actinobacteriota","Actinobacteria","Frankiales","Nakamurellaceae","Nakamurella","flavida"
"ASV_0547","Bacteria","Firmicutes","Clostridia","Lachnospirales","Lachnospiraceae","Agathobacter",NA
"ASV_0548","Bacteria","Bacteroidota","Bacteroidia","Cytophagales","Amoebophilaceae","Candidatus Cardinium",NA
"ASV_0549","Bacteria","Bacteroidota","Bacteroidia","Bacteroidales","Muribaculaceae",NA,NA
"ASV_0550","Bacteria","Bacteroidota","Bacteroidia","Bacteroidales","SB-5",NA,NA
"ASV_0551","Bacteria","Bacteroidota","Bacteroidia","Bacteroidales","Muribaculaceae",NA,NA
"ASV_0552","Bacteria","Firmicutes","Clostridia","Christensenellales","Christensenellaceae","Christensenellaceae R-7 group",NA
"ASV_0553","Bacteria","Firmicutes","Clostridia","Oscillospirales","Ruminococcaceae","Ruminococcus",NA
"ASV_0554","Bacteria","Firmicutes","Clostridia","Christensenellales","Christensenellaceae","Christensenellaceae R-7 group",NA
"ASV_0555","Bacteria","Firmicutes","Clostridia","Lachnospirales","Lachnospiraceae","[Ruminococcus] torques group",NA
"ASV_0556","Bacteria","Firmicutes","Clostridia","Oscillospirales","Oscillospiraceae",NA,NA
"ASV_0557","Bacteria","Bacteroidota","Bacteroidia","Bacteroidales","Rikenellaceae","Rikenellaceae RC9 gut group",NA
"ASV_0558","Bacteria","Firmicutes","Clostridia","Oscillospirales","Hungateiclostridiaceae","Hungateiclostridium","thermocellum"
"ASV_0559","Bacteria","Firmicutes","Clostridia","Clostridia UCG-014",NA,NA,NA
"ASV_0560","Bacteria","Bacteroidota","Bacteroidia","Bacteroidales","Muribaculaceae",NA,NA
"ASV_0561","Bacteria","Firmicutes","Clostridia","Oscillospirales","Ruminococcaceae","Ruminococcus",NA
"ASV_0562","Bacteria","Firmicutes","Bacilli","Erysipelotrichales","Erysipelotrichaceae","Turicibacter",NA
"ASV_0563","Bacteria","Firmicutes","Clostridia","Oscillospirales","Hungateiclostridiaceae","Thermoclostridium","caenicola"
"ASV_0564","Bacteria","Bacteroidota","Bacteroidia","Bacteroidales","Bacteroidaceae","Bacteroides",NA
"ASV_0565","Bacteria","Firmicutes","Clostridia","Oscillospirales","Ruminococcaceae","Ruminococcus",NA
"ASV_0566","Bacteria","Proteobacteria","Gammaproteobacteria","Burkholderiales","Oxalobacteraceae","Massilia",NA
"ASV_0567","Bacteria","Firmicutes","Clostridia","Oscillospirales","Hungateiclostridiaceae","Thermoclostridium",NA
"ASV_0568","Bacteria","Firmicutes","Clostridia","Oscillospirales","Oscillospiraceae",NA,NA
"ASV_0569","Bacteria","Firmicutes","Bacilli","Acholeplasmatales","Acholeplasmataceae","EUB33-2",NA
"ASV_0570","Bacteria","Firmicutes","Bacilli","Erysipelotrichales","Erysipelatoclostridiaceae","Erysipelotrichaceae UCG-003",NA
"ASV_0571","Bacteria","Firmicutes","Clostridia","Lachnospirales","Lachnospiraceae","Lachnospiraceae NK4A136 group",NA
"ASV_0572","Bacteria","Firmicutes","Clostridia","Lachnospirales","Lachnospiraceae",NA,NA
"ASV_0573","Bacteria","Firmicutes","Bacilli","Erysipelotrichales","Erysipelatoclostridiaceae","Erysipelatoclostridium","ramosum"
"ASV_0574","Bacteria","Desulfobacterota","Desulfovibrionia","Desulfovibrionales","Desulfonatronaceae","Desulfonatronum",NA
"ASV_0575","Bacteria","Actinobacteriota","Actinobacteria","Corynebacteriales","Mycobacteriaceae","Mycobacterium",NA
"ASV_0576","Bacteria","Firmicutes","Bacilli","Lactobacillales","Lactobacillaceae",NA,NA
"ASV_0577","Bacteria","Firmicutes","Clostridia","Oscillospirales","Oscillospiraceae","Oscillibacter",NA
"ASV_0578","Bacteria","Firmicutes","Clostridia","Oscillospirales","Oscillospiraceae","UCG-005",NA
"ASV_0579","Bacteria","Firmicutes","Bacilli","Bacillales","Bacillaceae","Bacillus",NA
"ASV_0580","Bacteria","Firmicutes","Clostridia","Lachnospirales","Lachnospiraceae","Dorea",NA
"ASV_0581","Bacteria","Actinobacteriota","Actinobacteria","Corynebacteriales","Nocardiaceae","Williamsia",NA
"ASV_0582","Bacteria","Firmicutes","Clostridia","Peptostreptococcales-Tissierellales","Peptostreptococcaceae",NA,NA
"ASV_0583","Bacteria","Proteobacteria","Gammaproteobacteria","Enterobacterales","Morganellaceae","Arsenophonus",NA
"ASV_0584","Bacteria","Proteobacteria","Alphaproteobacteria","Acetobacterales","Acetobacteraceae","Neokomagataea",NA
"ASV_0585","Bacteria","Proteobacteria","Gammaproteobacteria","Burkholderiales","Rhodocyclaceae","Methyloversatilis","universalis"
"ASV_0586","Bacteria","Proteobacteria","Gammaproteobacteria","Methylococcales","Methylomonadaceae","Methylomicrobium","buryatense"
"ASV_0587","Bacteria","Proteobacteria","Gammaproteobacteria","Enterobacterales","Morganellaceae","Providencia",NA
"ASV_0588","Bacteria","Proteobacteria","Gammaproteobacteria","Pseudomonadales","Moraxellaceae","Acinetobacter",NA
"ASV_0589","Bacteria","Chloroflexi","Chloroflexia","Chloroflexales","Herpetosiphonaceae","Herpetosiphon","aurantiacus"
"ASV_0590","Bacteria","Firmicutes","Clostridia","Oscillospirales","Ruminococcaceae","Caproiciproducens",NA
"ASV_0591","Bacteria","Proteobacteria","Alphaproteobacteria","Rhodobacterales","Rhodobacteraceae","Tabrizicola",NA
"ASV_0592","Bacteria","Firmicutes","Clostridia","Peptostreptococcales-Tissierellales","Natronincola",NA,NA
"ASV_0593","Bacteria","Proteobacteria","Gammaproteobacteria","Burkholderiales","Oxalobacteraceae",NA,NA
"ASV_0594","Bacteria","Bacteroidota","Bacteroidia","Bacteroidales","Rikenellaceae","Alistipes","finegoldii"
"ASV_0595","Bacteria","Firmicutes","Clostridia","Oscillospirales","Oscillospiraceae",NA,NA
"ASV_0596","Bacteria","Firmicutes","Clostridia","Lachnospirales","Lachnospiraceae",NA,NA
"ASV_0597","Bacteria","Firmicutes","Bacilli","RF39",NA,NA,NA
"ASV_0598","Bacteria","Firmicutes","Clostridia","Lachnospirales","Lachnospiraceae","Lachnospiraceae NK4A136 group",NA
"ASV_0599","Bacteria","Actinobacteriota","Coriobacteriia","Coriobacteriales","Eggerthellaceae","Enterorhabdus",NA
"ASV_0600","Bacteria","Firmicutes","Clostridia","Lachnospirales","Lachnospiraceae",NA,NA
"ASV_0601","Bacteria","Firmicutes","Clostridia","Lachnospirales","Lachnospiraceae",NA,NA
"ASV_0602","Bacteria","Firmicutes","Clostridia","Oscillospirales","Ruminococcaceae",NA,NA
"ASV_0603","Bacteria","Firmicutes","Clostridia","Monoglobales","Monoglobaceae","Monoglobus",NA
"ASV_0604","Bacteria","Firmicutes","Clostridia","Oscillospirales","[Eubacterium] coprostanoligenes group",NA,NA
"ASV_0605","Bacteria","Bacteroidota","Bacteroidia","Bacteroidales","Rikenellaceae","Alistipes",NA
"ASV_0606","Bacteria","Firmicutes","Clostridia","Lachnospirales","Lachnospiraceae",NA,NA
"ASV_0607","Bacteria","Firmicutes","Clostridia","Oscillospirales","Ruminococcaceae","Subdoligranulum",NA
"ASV_0608","Bacteria","Firmicutes","Clostridia","Lachnospirales","Defluviitaleaceae","Defluviitalea",NA
"ASV_0609","Bacteria","Firmicutes","Clostridia","Oscillospirales","Oscillospiraceae","UCG-005",NA
"ASV_0610","Bacteria","Firmicutes","Clostridia","Oscillospirales","Hungateiclostridiaceae",NA,NA
"ASV_0611","Bacteria","Proteobacteria","Gammaproteobacteria","Pseudomonadales","Halomonadaceae","Zymobacter",NA
"ASV_0612","Bacteria","Cyanobacteria","Cyanobacteriia","Chloroplast",NA,NA,NA
"ASV_0613","Bacteria","Firmicutes","Clostridia","Oscillospirales","[Eubacterium] coprostanoligenes group",NA,NA
"ASV_0614","Bacteria","Firmicutes","Bacilli","Erysipelotrichales","Erysipelotrichaceae","Erysipelothrix",NA
"ASV_0615","Bacteria","Firmicutes","Clostridia","Proteinivoracales",NA,NA,NA
"ASV_0616","Bacteria","Proteobacteria","Gammaproteobacteria","Pseudomonadales","Nitrincolaceae","Nitrincola","lacisaponensis"
"ASV_0617","Bacteria","Bacteroidota","Bacteroidia","Bacteroidales","Muribaculaceae",NA,NA
"ASV_0618","Bacteria","Firmicutes","Clostridia","Lachnospirales","Lachnospiraceae",NA,NA
"ASV_0619","Bacteria","Spirochaetota","Spirochaetia","Spirochaetales","Spirochaetaceae","Alkalispirochaeta",NA
"ASV_0620","Bacteria","Bacteroidota","Bacteroidia","Sphingobacteriales","Sphingobacteriaceae","Pedobacter","bambusae"
"ASV_0621","Bacteria","Actinobacteriota","Actinobacteria","Bifidobacteriales","Bifidobacteriaceae","Bifidobacterium",NA
"ASV_0622","Bacteria","Firmicutes","Clostridia","Lachnospirales","Lachnospiraceae","Roseburia",NA
"ASV_0623","Bacteria","Proteobacteria","Alphaproteobacteria","Sphingomonadales","Sphingomonadaceae","Sphingomonas",NA
"ASV_0624","Bacteria","Firmicutes","Clostridia","Clostridiales","Clostridiaceae","Clostridium sensu stricto 1",NA
"ASV_0625","Bacteria","Firmicutes","Bacilli","Lactobacillales","Lactobacillaceae",NA,NA
"ASV_0626","Bacteria","Bacteroidota","Bacteroidia","Bacteroidales","Muribaculaceae",NA,NA
"ASV_0627","Bacteria","Bacteroidota","Bacteroidia","Bacteroidales","Muribaculaceae",NA,NA
"ASV_0628","Bacteria","Bacteroidota","Bacteroidia","Bacteroidales","Prevotellaceae","Prevotella_9",NA
"ASV_0629","Bacteria","Firmicutes","Clostridia","Peptostreptococcales-Tissierellales","Peptostreptococcaceae",NA,NA
"ASV_0630","Bacteria","Bacteroidota","Bacteroidia","Bacteroidales","Rikenellaceae","Alistipes","inops"
"ASV_0631","Bacteria","Firmicutes","Clostridia","Oscillospirales","Ruminococcaceae","Ruminococcus",NA
"ASV_0632","Bacteria","Proteobacteria","Gammaproteobacteria","Methylococcales","Methylococcaceae","Methylococcus","capsulatus"
"ASV_0633","Bacteria","Actinobacteriota","Actinobacteria","Corynebacteriales",NA,NA,NA
"ASV_0634","Bacteria","Bacteroidota","Bacteroidia","Bacteroidales","Muribaculaceae",NA,NA
"ASV_0635","Bacteria","Proteobacteria","Gammaproteobacteria","Xanthomonadales","Xanthomonadaceae","Pseudoxanthomonas",NA
"ASV_0636","Bacteria","Bacteroidota","Bacteroidia","Chitinophagales","Chitinophagaceae","Sediminibacterium","salmoneum"
"ASV_0637","Bacteria","Proteobacteria","Alphaproteobacteria","Rhizobiales","Devosiaceae","Devosia",NA
"ASV_0638","Bacteria","Desulfobacterota","Desulfovibrionia","Desulfovibrionales","Desulfovibrionaceae","Desulfovibrio",NA
"ASV_0639","Bacteria","Proteobacteria","Gammaproteobacteria","Xanthomonadales","Xanthomonadaceae","Pseudoxanthomonas","yeongjuensis"
"ASV_0640","Bacteria","Firmicutes","Clostridia","Oscillospirales","Ethanoligenenaceae","Ethanoligenens",NA
"ASV_0641","Bacteria","Hydrogenedentes","Hydrogenedentia","Hydrogenedentiales","Hydrogenedensaceae",NA,NA
"ASV_0642","Bacteria","Proteobacteria","Gammaproteobacteria","Pseudomonadales","Moraxellaceae","Acinetobacter",NA
"ASV_0643","Bacteria","Firmicutes","Bacilli","Izemoplasmatales","Izemoplasmataceae",NA,NA
"ASV_0644","Bacteria","Cloacimonadota","Cloacimonadia","Cloacimonadales","NK-L14",NA,NA
"ASV_0645","Bacteria","Firmicutes","Clostridia","Oscillospirales","Ruminococcaceae","[Eubacterium] siraeum group",NA
"ASV_0646","Bacteria","Bacteroidota","Bacteroidia","Bacteroidales","Tannerellaceae","Parabacteroides",NA
"ASV_0647","Bacteria","Firmicutes","Clostridia","Oscillospirales","Ruminococcaceae","Ruminococcus",NA
"ASV_0648","Bacteria","Firmicutes","Clostridia","Lachnospirales","Lachnospiraceae",NA,NA
"ASV_0649","Bacteria","Firmicutes","Clostridia","Lachnospirales","Lachnospiraceae","[Eubacterium] ventriosum group",NA
"ASV_0650","Bacteria","Firmicutes","Bacilli","RF39",NA,NA,NA
"ASV_0651","Bacteria","Firmicutes","Clostridia","Monoglobales","Monoglobaceae","Monoglobus",NA
"ASV_0652","Bacteria","Firmicutes","Clostridia","Monoglobales","Monoglobaceae","Monoglobus",NA
"ASV_0653","Bacteria","Firmicutes","Clostridia","Lachnospirales","Lachnospiraceae","Roseburia",NA
"ASV_0654","Bacteria","Firmicutes","Clostridia","Oscillospirales","Ruminococcaceae","Ruminococcus",NA
"ASV_0655","Bacteria","Firmicutes","Clostridia","Clostridia vadinBB60 group",NA,NA,NA
"ASV_0656","Bacteria","Firmicutes","Clostridia","Oscillospirales","Ruminococcaceae","Ruminococcus",NA
"ASV_0657","Bacteria","Firmicutes","Clostridia","Oscillospirales","[Eubacterium] coprostanoligenes group",NA,NA
"ASV_0658","Bacteria","Firmicutes","Bacilli",NA,NA,NA,NA
"ASV_0659","Bacteria","Firmicutes","Clostridia","Oscillospirales","Ruminococcaceae","Ruminococcus",NA
"ASV_0660","Bacteria","Bacteroidota","Bacteroidia","Bacteroidales","Rikenellaceae","Alistipes",NA
"ASV_0661","Bacteria","Firmicutes","Clostridia","Lachnospirales","Lachnospiraceae",NA,NA
"ASV_0662","Bacteria","Firmicutes","Clostridia","Lachnospirales","Lachnospiraceae","Agathobacter",NA
"ASV_0663","Bacteria","Firmicutes","Clostridia","Lachnospirales","Defluviitaleaceae","Defluviitalea",NA
"ASV_0664","Bacteria","Synergistota","Synergistia","Synergistales","Synergistaceae","Acetomicrobium",NA
"ASV_0665","Bacteria","Firmicutes","Clostridia","Peptostreptococcales-Tissierellales","Family XI","Tepidimicrobium",NA
"ASV_0666","Bacteria","Firmicutes","Clostridia","Oscillospirales","Ruminococcaceae","Incertae Sedis",NA
"ASV_0667","Bacteria","Proteobacteria","Gammaproteobacteria","Burkholderiales","Oxalobacteraceae","Massilia","brevitalea"
"ASV_0668","Bacteria","Firmicutes","Bacilli","RF39",NA,NA,NA
"ASV_0669","Bacteria","Bacteroidota","Bacteroidia","Bacteroidales","Muribaculaceae",NA,NA
"ASV_0670","Bacteria","Firmicutes","Bacilli","Erysipelotrichales","Erysipelotrichaceae","Turicibacter",NA
"ASV_0671","Bacteria","Firmicutes","Clostridia","Lachnospirales","Lachnospiraceae","Lachnospiraceae NK4A136 group",NA
"ASV_0672","Bacteria","Firmicutes","Clostridia","Oscillospirales","Ruminococcaceae","Ruminococcus",NA
"ASV_0673","Bacteria","Firmicutes","Clostridia","Lachnospirales","Lachnospiraceae","Lachnospiraceae NK4A136 group",NA
"ASV_0674","Bacteria","Bacteroidota","Bacteroidia","Bacteroidales","Muribaculaceae",NA,NA
"ASV_0675","Bacteria","Campylobacterota","Campylobacteria","Campylobacterales","Arcobacteraceae",NA,NA
"ASV_0676","Bacteria","Proteobacteria","Alphaproteobacteria","Sphingomonadales","Sphingomonadaceae","Sphingomonas",NA
"ASV_0677","Bacteria","Firmicutes","Bacilli","Lactobacillales","Lactobacillaceae","Bombilactobacillus",NA
"ASV_0678","Bacteria","Firmicutes","Clostridia","Lachnospirales","Lachnospiraceae",NA,NA
"ASV_0679","Bacteria","Firmicutes","Clostridia","Oscillospirales","Oscillospiraceae","Oscillospira",NA
"ASV_0680","Bacteria","Firmicutes","Clostridia","Monoglobales","Monoglobaceae","Monoglobus",NA
"ASV_0681","Bacteria","Thermotogota","Thermotogae","Petrotogales","Petrotogaceae",NA,NA
"ASV_0682","Bacteria","Firmicutes","Clostridia","Christensenellales","Christensenellaceae","Christensenellaceae R-7 group",NA
"ASV_0683","Bacteria","Firmicutes","Clostridia","Lachnospirales","Lachnospiraceae","Lachnospiraceae NK4A136 group","bacterium"
"ASV_0684","Bacteria","Firmicutes","Bacilli","Erysipelotrichales","Erysipelatoclostridiaceae","Catenibacterium","mitsuokai"
"ASV_0685","Bacteria","Firmicutes","Bacilli","Lactobacillales","Lactobacillaceae","Liquorilactobacillus",NA
"ASV_0686","Bacteria","Firmicutes","Clostridia","Lachnospirales","Lachnospiraceae",NA,NA
"ASV_0687","Bacteria","Firmicutes","Clostridia","Oscillospirales","Ruminococcaceae","Ruminococcus",NA
"ASV_0688","Bacteria","Firmicutes","Bacilli","Lactobacillales","Streptococcaceae","Streptococcus",NA
"ASV_0689","Bacteria","Firmicutes","Clostridia","Oscillospirales","Ruminococcaceae","Ruminococcus",NA
"ASV_0690","Bacteria","Firmicutes","Clostridia","Oscillospirales","Ruminococcaceae","Subdoligranulum",NA
"ASV_0691","Bacteria","Firmicutes","Bacilli","RF39",NA,NA,NA
"ASV_0692","Bacteria","Desulfobacterota","Desulfovibrionia","Desulfovibrionales","Desulfovibrionaceae","Desulfovibrio",NA
"ASV_0693","Bacteria","Firmicutes","Clostridia","Lachnospirales","Lachnospiraceae","[Eubacterium] eligens group",NA
"ASV_0694","Bacteria","Firmicutes","Clostridia","Monoglobales","Monoglobaceae","Monoglobus",NA
"ASV_0695","Bacteria","Bacteroidota","Bacteroidia","Flavobacteriales","Flavobacteriaceae","Flavobacterium",NA
"ASV_0696","Bacteria","Proteobacteria","Gammaproteobacteria",NA,NA,NA,NA
"ASV_0697","Bacteria","Proteobacteria","Gammaproteobacteria","Xanthomonadales","Xanthomonadaceae","Stenotrophomonas",NA
"ASV_0698","Bacteria","Bacteroidota","Bacteroidia","Bacteroidales","Bacteroidaceae","Bacteroides",NA
"ASV_0699","Bacteria","Firmicutes","Clostridia","Peptostreptococcales-Tissierellales","Peptostreptococcaceae",NA,NA
"ASV_0700","Bacteria","Proteobacteria","Alphaproteobacteria","Rickettsiales",NA,NA,NA
"ASV_0701","Bacteria","Firmicutes","Bacilli","Lactobacillales",NA,NA,NA
"ASV_0702","Bacteria","Firmicutes","Clostridia","Lachnospirales","Lachnospiraceae",NA,NA
"ASV_0703","Bacteria","Firmicutes","Symbiobacteriia","Symbiobacteriales","Symbiobacteraceae","Symbiobacterium","terraclitae"
"ASV_0704","Bacteria","Firmicutes","Clostridia","Lachnospirales","Lachnospiraceae","Lachnospiraceae NK4A136 group",NA
"ASV_0705","Bacteria","Firmicutes","Clostridia","Peptostreptococcales-Tissierellales","Anaerovoracaceae","Family XIII AD3011 group",NA
"ASV_0706","Bacteria","Firmicutes","Clostridia","Oscillospirales","Ruminococcaceae","Ruminococcus",NA
"ASV_0707","Bacteria","Firmicutes","Bacilli","RF39",NA,NA,NA
"ASV_0708","Bacteria","Bacteroidota","Bacteroidia","Bacteroidales","Muribaculaceae",NA,NA
"ASV_0709","Bacteria","Firmicutes","Clostridia","Lachnospirales","Lachnospiraceae",NA,NA
"ASV_0710","Bacteria","Firmicutes","Clostridia","Lachnospirales","Lachnospiraceae","Roseburia",NA
"ASV_0711","Bacteria","Firmicutes","Negativicutes","Acidaminococcales","Acidaminococcaceae","Phascolarctobacterium",NA
"ASV_0712","Bacteria","Firmicutes","Clostridia","Lachnospirales","Lachnospiraceae","[Eubacterium] hallii group",NA
"ASV_0713","Bacteria","Firmicutes","Clostridia","Clostridiales","Clostridiaceae","Clostridium sensu stricto 1",NA
"ASV_0714","Bacteria","Proteobacteria","Gammaproteobacteria","Pseudomonadales","Moraxellaceae","Acinetobacter",NA
"ASV_0715","Bacteria","Firmicutes","Clostridia","Oscillospirales","[Eubacterium] coprostanoligenes group",NA,NA
"ASV_0716","Bacteria","Firmicutes","Clostridia","Clostridia vadinBB60 group",NA,NA,NA
"ASV_0717","Bacteria","Firmicutes","Clostridia","Oscillospirales","[Eubacterium] coprostanoligenes group",NA,NA
"ASV_0718","Bacteria","Firmicutes","Clostridia","Oscillospirales","[Eubacterium] coprostanoligenes group",NA,NA
"ASV_0719","Bacteria","Firmicutes","Clostridia","Lachnospirales","Lachnospiraceae",NA,NA
"ASV_0720","Bacteria","Firmicutes","Negativicutes","Veillonellales-Selenomonadales","Veillonellaceae","Dialister",NA
"ASV_0721","Bacteria","Firmicutes","Clostridia","Oscillospirales","Oscillospiraceae",NA,NA
"ASV_0722","Bacteria","Firmicutes","Clostridia","Lachnospirales","Defluviitaleaceae","Defluviitalea",NA
"ASV_0723","Bacteria","Firmicutes","Bacilli","Lactobacillales","Lactobacillaceae","Bombilactobacillus",NA
"ASV_0724","Bacteria","Firmicutes","Clostridia","Oscillospirales","Ruminococcaceae","Ruminococcus",NA
"ASV_0725","Bacteria","Firmicutes","Bacilli","Lactobacillales",NA,NA,NA
"ASV_0726","Bacteria","Cyanobacteria","Vampirivibrionia","Gastranaerophilales",NA,NA,NA
"ASV_0727","Bacteria","Firmicutes","Clostridia","Lachnospirales","Lachnospiraceae","Lachnospiraceae NK4A136 group",NA
"ASV_0728","Bacteria","Bacteroidota","Bacteroidia","Bacteroidales","Muribaculaceae",NA,NA
"ASV_0729","Bacteria","Firmicutes","Clostridia","Lachnospirales","Lachnospiraceae",NA,NA
"ASV_0730","Bacteria","Firmicutes","Clostridia","Lachnospirales","Lachnospiraceae","Lachnospiraceae NK4A136 group",NA
"ASV_0731","Bacteria","Firmicutes","Clostridia","Peptococcales","Peptococcaceae","Desulfitispora",NA
"ASV_0732","Bacteria","Firmicutes","Clostridia","Oscillospirales","Ruminococcaceae","Ruminococcus",NA
"ASV_0733","Bacteria","Firmicutes","Thermoanaerobacteria","Thermoanaerobacterales","SRB2",NA,NA
"ASV_0734","Bacteria","Firmicutes","Clostridia","Clostridia UCG-014",NA,NA,NA
"ASV_0735","Bacteria","Firmicutes","Clostridia",NA,NA,NA,NA
"ASV_0736","Bacteria","Firmicutes","Bacilli","Erysipelotrichales","Erysipelotrichaceae","Allobaculum",NA
"ASV_0737","Bacteria","Firmicutes","Bacilli","Acholeplasmatales","Acholeplasmataceae","DMI",NA
"ASV_0738","Bacteria","Firmicutes","Clostridia","Oscillospirales","Oscillospiraceae","Oscillibacter",NA
"ASV_0739","Bacteria","Firmicutes","Clostridia","Lachnospirales","Lachnospiraceae","Lachnospiraceae NK4A136 group",NA
"ASV_0740","Bacteria","Firmicutes","Clostridia","Oscillospirales","Ruminococcaceae","Subdoligranulum",NA
"ASV_0741","Bacteria","Firmicutes","Clostridia","Peptostreptococcales-Tissierellales","Thermotaleaceae","Thermotalea",NA
"ASV_0742","Bacteria","Firmicutes","Clostridia","Monoglobales","Monoglobaceae","Monoglobus",NA
"ASV_0743","Bacteria","Firmicutes","Clostridia","Lachnospirales","Lachnospiraceae","[Eubacterium] xylanophilum group",NA
"ASV_0744","Bacteria","Firmicutes","Clostridia","Peptostreptococcales-Tissierellales","Peptostreptococcaceae",NA,NA
"ASV_0745","Bacteria","Firmicutes","Clostridia","Christensenellales","Christensenellaceae","Christensenellaceae R-7 group",NA
"ASV_0746","Bacteria","Firmicutes","Clostridia","Oscillospirales","Oscillospiraceae","UCG-005",NA
"ASV_0747","Bacteria","Firmicutes","Clostridia","Clostridiales","Clostridiaceae","Clostridium sensu stricto 7",NA
"ASV_0748","Bacteria","Bacteroidota","Bacteroidia","Bacteroidales","Bacteroidaceae","Bacteroides","plebeius"
"ASV_0749","Bacteria","Firmicutes","Bacilli","Brevibacillales","Brevibacillaceae","Brevibacillus","fluminis"
"ASV_0750","Bacteria","Firmicutes","Clostridia","Lachnospirales","Lachnospiraceae",NA,NA
"ASV_0751","Bacteria","Cyanobacteria","Vampirivibrionia","Gastranaerophilales",NA,NA,NA
"ASV_0752","Bacteria","Bacteroidota","Bacteroidia","Bacteroidales","Rikenellaceae","Alistipes",NA
"ASV_0753","Bacteria","Firmicutes","Clostridia","Christensenellales","Christensenellaceae","Christensenellaceae R-7 group",NA
"ASV_0754","Bacteria","Bacteroidota","Bacteroidia","Chitinophagales","Chitinophagaceae",NA,NA
"ASV_0755","Bacteria","Verrucomicrobiota","Verrucomicrobiae","Opitutales","Opitutaceae","Lacunisphaera",NA
"ASV_0756","Bacteria","Proteobacteria","Gammaproteobacteria","Pseudomonadales","Pseudomonadaceae","Pseudomonas",NA
"ASV_0757","Bacteria","Actinobacteriota","MB-A2-108",NA,NA,NA,NA
"ASV_0758","Bacteria","Firmicutes","Clostridia","Oscillospirales","[Eubacterium] coprostanoligenes group",NA,NA
"ASV_0759","Bacteria","Firmicutes","Clostridia","Oscillospirales","Ruminococcaceae",NA,NA
"ASV_0760","Bacteria","Campylobacterota","Campylobacteria","Campylobacterales","Sulfurospirillaceae","Sulfurospirillum",NA
"ASV_0761","Bacteria","Firmicutes","Clostridia","Oscillospirales","Ruminococcaceae","Ruminococcus",NA
"ASV_0762","Bacteria","Firmicutes","Clostridia","Lachnospirales","Lachnospiraceae",NA,NA
"ASV_0763","Bacteria","Firmicutes","Clostridia",NA,NA,NA,NA
"ASV_0764","Bacteria","Firmicutes","Clostridia","Christensenellales","Christensenellaceae","Christensenellaceae R-7 group",NA
"ASV_0765","Bacteria","Firmicutes","Clostridia","Oscillospirales","Ruminococcaceae","Ruminococcus",NA
"ASV_0766","Bacteria","Bacteroidota","Bacteroidia","Bacteroidales","Rikenellaceae","Rikenellaceae RC9 gut group",NA
"ASV_0767","Bacteria","Firmicutes","Clostridia","Oscillospirales","[Eubacterium] coprostanoligenes group",NA,NA
"ASV_0768","Bacteria","Firmicutes","Clostridia","Lachnospirales","Lachnospiraceae","Lachnospiraceae NK4A136 group",NA
"ASV_0769","Bacteria","Firmicutes","Clostridia","Lachnospirales","Lachnospiraceae","Lachnospiraceae NK4A136 group",NA
"ASV_0770","Bacteria","Firmicutes","Clostridia","Lachnospirales","Lachnospiraceae",NA,NA
"ASV_0771","Bacteria","Bacteroidota","Bacteroidia","Bacteroidales","Dysgonomonadaceae","Proteiniphilum","acetatigenes"
"ASV_0772","Bacteria","Bacteroidota","Bacteroidia","Bacteroidales","Rikenellaceae","Rikenellaceae RC9 gut group",NA
"ASV_0773","Bacteria","Firmicutes","Bacilli","Erysipelotrichales","Erysipelatoclostridiaceae","Catenibacterium",NA
"ASV_0774","Bacteria","Firmicutes","Clostridia","Oscillospirales",NA,NA,NA
"ASV_0775","Bacteria","Firmicutes","Clostridia","Oscillospirales","Ruminococcaceae","Ruminococcus",NA
"ASV_0776","Bacteria","Firmicutes","Clostridia","Clostridia vadinBB60 group",NA,NA,NA
"ASV_0777","Bacteria","Firmicutes","Clostridia","Lachnospirales","Lachnospiraceae",NA,NA
"ASV_0778","Bacteria","Firmicutes","Clostridia","Clostridia vadinBB60 group",NA,NA,NA
"ASV_0779","Bacteria","Firmicutes","Clostridia","Oscillospirales","[Eubacterium] coprostanoligenes group",NA,NA
"ASV_0780","Bacteria","Firmicutes","Bacilli","Lactobacillales","Lactobacillaceae","Lactobacillus",NA
"ASV_0781","Bacteria","Firmicutes","Clostridia","Christensenellales","Christensenellaceae",NA,NA
"ASV_0782","Bacteria","Firmicutes","Clostridia","Christensenellales","Christensenellaceae","Christensenellaceae R-7 group",NA
"ASV_0783","Bacteria","Bacteroidota","Bacteroidia","Bacteroidales","Marinifilaceae","Butyricimonas",NA
"ASV_0784","Bacteria","Firmicutes","Clostridia","Oscillospirales","Ruminococcaceae",NA,NA
"ASV_0785","Bacteria","Firmicutes","Clostridia","Clostridiales","Caloramatoraceae",NA,NA
"ASV_0786","Bacteria","Firmicutes","Clostridia","Oscillospirales","Hungateiclostridiaceae",NA,NA
"ASV_0787","Bacteria","Desulfobacterota","Desulfovibrionia","Desulfovibrionales","Desulfovibrionaceae",NA,NA
"ASV_0788","Bacteria","Firmicutes","Clostridia","Lachnospirales","Lachnospiraceae",NA,NA
"ASV_0789","Bacteria","Firmicutes","Bacilli",NA,NA,NA,NA
"ASV_0790","Bacteria","Proteobacteria","Alphaproteobacteria","Rhodospirillales",NA,NA,NA
"ASV_0791","Bacteria","Firmicutes","Clostridia","Oscillospirales","[Eubacterium] coprostanoligenes group",NA,NA
"ASV_0792","Bacteria","Firmicutes","Negativicutes","Veillonellales-Selenomonadales","Veillonellaceae","Dialister",NA
"ASV_0793","Bacteria","Firmicutes","Bacilli","Erysipelotrichales","Erysipelatoclostridiaceae","Erysipelatoclostridium",NA
"ASV_0794","Bacteria","Firmicutes","Clostridia","Lachnospirales","Lachnospiraceae",NA,NA
"ASV_0795","Bacteria","Firmicutes","Clostridia","Monoglobales","Monoglobaceae","Monoglobus",NA
"ASV_0796","Bacteria","Firmicutes","Bacilli","Lactobacillales","Lactobacillaceae",NA,NA
"ASV_0797","Bacteria","Firmicutes","Clostridia","Clostridia vadinBB60 group",NA,NA,NA
"ASV_0798","Bacteria","Actinobacteriota","Actinobacteria","Micrococcales","Brevibacteriaceae","Brevibacterium",NA
"ASV_0799","Bacteria","Firmicutes","Clostridia","Oscillospirales","Ruminococcaceae","Ruminococcus",NA
"ASV_0800","Bacteria","Firmicutes","Clostridia","Clostridia vadinBB60 group",NA,NA,NA
"ASV_0801","Bacteria","Firmicutes","Clostridia","Christensenellales","Christensenellaceae","Christensenellaceae R-7 group",NA
"ASV_0802","Bacteria","Firmicutes","Clostridia","Lachnospirales","Lachnospiraceae",NA,NA
"ASV_0803","Bacteria","Synergistota","Synergistia","Synergistales","Synergistaceae","Syner-01",NA
"ASV_0804","Bacteria","Firmicutes","Clostridia","Clostridiales","Clostridiaceae","Clostridium sensu stricto 1",NA
"ASV_0805","Bacteria","Deinococcota","Deinococci","Deinococcales","Trueperaceae","Truepera",NA
"ASV_0806","Bacteria","Firmicutes","Clostridia","Oscillospirales","Ruminococcaceae","Ruminococcus",NA
"ASV_0807","Bacteria","Firmicutes","Clostridia","Oscillospirales","Ruminococcaceae",NA,NA
"ASV_0808","Bacteria","Planctomycetota","Phycisphaerae","MSBL9","KCLunmb-38-53",NA,NA
"ASV_0809","Bacteria","Firmicutes","Clostridia","Clostridiales","Clostridiaceae",NA,NA
"ASV_0810","Bacteria","Firmicutes","Clostridia","Oscillospirales","[Eubacterium] coprostanoligenes group",NA,NA
"ASV_0811","Bacteria","Bacteroidota","Bacteroidia","Chitinophagales","Chitinophagaceae","Lacibacter",NA
"ASV_0812","Bacteria","Firmicutes","Clostridia","Peptostreptococcales-Tissierellales","Peptostreptococcaceae",NA,NA
"ASV_0813","Bacteria","Proteobacteria","Alphaproteobacteria","Rhizobiales","Beijerinckiaceae","Methylobacterium-Methylorubrum",NA
"ASV_0814","Bacteria","Proteobacteria","Alphaproteobacteria","Rickettsiales","Mitochondria",NA,NA
"ASV_0815","Bacteria","Firmicutes","Negativicutes","Veillonellales-Selenomonadales","Veillonellaceae","Dialister",NA
"ASV_0816","Bacteria","Firmicutes","Clostridia","Monoglobales","Monoglobaceae","Monoglobus",NA
"ASV_0817","Bacteria","Firmicutes","Clostridia","Oscillospirales","Ruminococcaceae",NA,NA
"ASV_0818","Bacteria","Firmicutes","Bacilli","Lactobacillales",NA,NA,NA
"ASV_0819","Bacteria","Desulfobacterota","Desulfovibrionia","Desulfovibrionales","Desulfovibrionaceae","Desulfovibrio",NA
"ASV_0820","Bacteria","Firmicutes","Clostridia","Oscillospirales","Oscillospiraceae","UCG-005",NA
"ASV_0821","Bacteria","Firmicutes","Clostridia","Lachnospirales","Lachnospiraceae",NA,NA
"ASV_0822","Bacteria","Firmicutes","Bacilli",NA,NA,NA,NA
"ASV_0823","Bacteria","Firmicutes","Clostridia","Lachnospirales","Lachnospiraceae",NA,NA
"ASV_0824","Bacteria","Bacteroidota","Bacteroidia","Flavobacteriales","Flavobacteriaceae","Flavobacterium",NA
"ASV_0825","Bacteria","Deinococcota","Deinococci","Deinococcales","Deinococcaceae","Deinococcus",NA
"ASV_0826","Bacteria","Proteobacteria","Alphaproteobacteria","Rickettsiales","Mitochondria",NA,NA
"ASV_0827","Bacteria","Proteobacteria","Alphaproteobacteria","Rhizobiales","Beijerinckiaceae","Methylobacterium-Methylorubrum",NA
"ASV_0828","Bacteria","Firmicutes","Clostridia","Oscillospirales","Ruminococcaceae","[Eubacterium] siraeum group",NA
"ASV_0829","Bacteria","Firmicutes","Bacilli","RF39",NA,NA,NA
"ASV_0830","Bacteria","Bacteroidota","Bacteroidia","Bacteroidales","Muribaculaceae",NA,NA
"ASV_0831","Bacteria","Firmicutes","Clostridia","Oscillospirales","[Eubacterium] coprostanoligenes group",NA,NA
"ASV_0832","Bacteria","Firmicutes","Clostridia","Oscillospirales","[Eubacterium] coprostanoligenes group",NA,NA
"ASV_0833","Bacteria","Firmicutes","Clostridia",NA,NA,NA,NA
"ASV_0834","Bacteria","Firmicutes","Bacilli","Lactobacillales","Lactobacillaceae","Ligilactobacillus",NA
"ASV_0835","Bacteria","Firmicutes","Bacilli","Lactobacillales","Lactobacillaceae","Lactobacillus",NA
"ASV_0836","Bacteria","Firmicutes","Bacilli","Lactobacillales","Lactobacillaceae","Lactobacillus",NA
"ASV_0837","Bacteria","Firmicutes","Bacilli","Lactobacillales","Lactobacillaceae","Lactobacillus",NA
"ASV_0838","Bacteria","Firmicutes","Clostridia","Clostridia UCG-014",NA,NA,NA
"ASV_0839","Bacteria","Firmicutes","Clostridia","Peptostreptococcales-Tissierellales","Peptostreptococcaceae",NA,NA
"ASV_0840","Bacteria","Firmicutes","Clostridia","Clostridia UCG-014",NA,NA,NA
"ASV_0841","Bacteria","Firmicutes","Clostridia","MAT-CR-H4-C10",NA,NA,NA
"ASV_0842","Bacteria","Firmicutes","Clostridia","Oscillospirales","Ruminococcaceae",NA,NA
"ASV_0843","Bacteria","Firmicutes","Clostridia","Oscillospirales","Hungateiclostridiaceae","Cellulosibacter",NA
"ASV_0844","Bacteria","Firmicutes","Clostridia","Oscillospirales","Ruminococcaceae","Ruminococcus",NA
"ASV_0845","Bacteria","Firmicutes","Clostridia","Lachnospirales","Lachnospiraceae",NA,NA
"ASV_0846","Bacteria","Firmicutes","Clostridia","Clostridia UCG-014",NA,NA,NA
"ASV_0847","Bacteria","Firmicutes","Clostridia","Peptostreptococcales-Tissierellales",NA,NA,NA
"ASV_0848","Bacteria","Firmicutes","Clostridia","Oscillospirales","Ruminococcaceae",NA,NA
"ASV_0849","Bacteria","Firmicutes","Clostridia","Lachnospirales","Lachnospiraceae",NA,NA
"ASV_0850","Bacteria","Firmicutes","Clostridia","Oscillospirales","Ruminococcaceae",NA,NA
"ASV_0851","Bacteria","Firmicutes","Clostridia","Oscillospirales","Ruminococcaceae","Ruminococcus",NA
"ASV_0852","Bacteria","Firmicutes","Clostridia","Peptococcales","Peptococcaceae","Desulfitispora",NA
"ASV_0853","Bacteria","Firmicutes","Bacilli","Bacillales","Bacillaceae",NA,NA
"ASV_0854","Bacteria","Firmicutes","Bacilli","Bacillales","Bacillaceae",NA,NA
"ASV_0855","Bacteria","Firmicutes","Clostridia","Lachnospirales","Lachnospiraceae","[Eubacterium] oxidoreducens group",NA
"ASV_0856","Bacteria","Bacteroidota","Bacteroidia","Bacteroidales","Rikenellaceae","Alistipes","obesi"
"ASV_0857","Bacteria","Firmicutes","Bacilli","Lactobacillales","Lactobacillaceae",NA,NA
"ASV_0858","Bacteria","Actinobacteriota","Actinobacteria","Micrococcales","Microbacteriaceae",NA,NA
"ASV_0859","Bacteria","Firmicutes","Bacilli","Lactobacillales","Lactobacillaceae","Ligilactobacillus",NA
"ASV_0860","Bacteria","Firmicutes","Clostridia","Lachnospirales","Lachnospiraceae",NA,NA
"ASV_0861","Bacteria","Firmicutes","Clostridia","Oscillospirales","Ruminococcaceae","Ruminococcus",NA
"ASV_0862","Bacteria","Firmicutes","Clostridia","Oscillospirales","[Eubacterium] coprostanoligenes group",NA,NA
"ASV_0863","Bacteria","Firmicutes","Clostridia","Lachnospirales","Lachnospiraceae","Anaerostipes",NA
"ASV_0864","Bacteria","Firmicutes","Clostridia","Clostridiales","Clostridiaceae","Clostridium sensu stricto 1",NA
"ASV_0865","Bacteria","Firmicutes","Clostridia","Oscillospirales","Ruminococcaceae",NA,NA
"ASV_0866","Bacteria","Firmicutes","Clostridia",NA,NA,NA,NA
"ASV_0867","Bacteria","Proteobacteria","Gammaproteobacteria","Pseudomonadales","Pseudomonadaceae","Pseudomonas",NA
